iter;census;slack_weight;r2_dn;r2_de;METE_error_N/S;METE_error_E/S;METE_error_dN/S;METE_error_dE/S;METimE_error_N/S;METimE_error_E/S;METimE_error_dN/S;METimE_error_dE/S;METE_AIC;METE_MAE;METE_RMSE;METimE_AIC;METimE_MAE;METimE_RMSE
0;0;1e-06;0,8609396427528749;0,7538780307599616;5,152371549835824;3,8281004670397216;481,2242144667122;5,403443082288246;7,544930329779834;0,645814031471339;442,6719979047467;4,957925912966589;2989,773237155058;5,110497237569061;12,53922023887032;3070,7921645710994;6,093922651933702;16,01535865059482
0;0;2e-06;0,8609396427528749;0,7538780307599616;5,152371549835824;3,8281004670397216;481,2242144667122;5,403443082288246;9,15431569867856;3,187379224495441;395,9482781323585;4,440542926558077;2989,773237155058;5,110497237569061;12,53922023887032;3151,577900692924;6,093922651933702;16,01535865059482
0;0;3e-06;0,8609396427528749;0,7538780307599616;5,152371549835824;3,8281004670397216;481,2242144667122;5,403443082288246;9,447986540324116;3,6511175807182568;387,4186051585963;4,346091137817345;2989,773237155058;5,110497237569061;12,53922023887032;3167,3471585485263;6,093922651933702;16,01535865059482
0;0;4e-06;0,8609396427528749;0,7538780307599616;5,152371549835824;3,8281004670397216;481,2242144667122;5,403443082288246;9,567748952911014;3,8402320275254023;383,9397657366294;4,307568782093977;2989,773237155058;5,110497237569061;12,53922023887032;3173,8782858884856;6,093922651933702;16,01535865059482
0;0;5e-06;0,8609396427528749;0,7538780307599616;5,152371549835824;3,8281004670397216;481,2242144667122;5,403443082288246;9,634604368083544;3,945801403273933;381,997702104754;4,286063657662271;2989,773237155058;5,110497237569061;12,53922023887032;3177,550020866107;6,093922651933702;16,01535865059482
0;0;6e-06;0,8609396427528749;0,7538780307599616;5,152371549835824;3,8281004670397216;481,2242144667122;5,403443082288246;9,683352697780212;4,022779011312132;380,58163416583017;4,270383076450633;2989,773237155058;5,110497237569061;12,53922023887032;3180,2390745065595;6,093922651933702;16,01535865059482
0;0;7e-06;0,8609396427528749;0,7538780307599616;5,152371549835824;3,8281004670397216;481,2242144667122;5,403443082288246;9,709783215780329;4,064514068281156;379,8138091976208;4,261880678322021;2989,773237155058;5,110497237569061;12,53922023887032;3181,7012848943205;6,093922651933702;16,01535865059482
0;0;8e-06;0,8609396427528749;0,7538780307599616;5,152371549835824;3,8281004670397216;481,2242144667122;5,403443082288246;9,735326469907209;4,104848753800162;379,0718258787441;4,25366446558698;2989,773237155058;5,110497237569061;12,53922023887032;3183,117141482409;6,093922651933702;16,01535865059482
0;0;9e-06;0,8609396427528749;0,7538780307599616;5,152371549835824;3,8281004670397216;481,2242144667122;5,403443082288246;9,819532637582842;4,234983378301163;373,6989472431475;4,192966716323653;2989,773237155058;5,110497237569061;12,53922023887032;3191,2541615291893;5,950276243093922;15,838794250665584
0;0;1e-05;0,8609396427528749;0,7538780307599616;5,152371549835824;3,8281004670397216;481,2242144667122;5,403443082288246;9,841305189570528;4,263411359073615;367,2524101120504;4,119232934077058;2989,773237155058;5,110497237569061;12,53922023887032;3199,6196393148907;5,696132596685083;15,574628752348502
0;0;2e-05;0,8609396427528749;0,7538780307599616;5,152371549835824;3,8281004670397216;481,2242144667122;5,403443082288246;10,019526472300956;4,530124293226258;349,09240584987293;3,913091619079541;2989,773237155058;5,110497237569061;12,53922023887032;3227,4254275335143;5,033149171270718;14,916526486784354
0;0;3,0000000000000004e-05;0,8609396427528749;0,7538780307599616;5,152371549835824;3,8281004670397216;481,2242144667122;5,403443082288246;10,14433089889076;4,722803555409708;341,93330805765873;3,8324944294958474;2989,773237155058;5,110497237569061;12,53922023887032;3240,0581868323634;4,87292817679558;14,710465324225764
0;0;4e-05;0,8609396427528749;0,7538780307599616;5,152371549835824;3,8281004670397216;481,2242144667122;5,403443082288246;10,160551100130863;4,747695484794981;340,90080480112016;3,8208531659069664;2989,773237155058;5,110497237569061;12,53922023887032;3241,880382476547;4,823204419889502;14,633458974110027
0;0;5e-05;0,8609396427528749;0,7538780307599616;5,152371549835824;3,8281004670397216;481,2242144667122;5,403443082288246;10,338166353458057;5,028488908129944;336,004408074305;3,766740138422683;2989,773237155058;5,110497237569061;12,53922023887032;3252,2905212939777;4,823204419889502;14,633458974110027
0;0;6,000000000000001e-05;0,8609396427528749;0,7538780307599616;5,152371549835824;3,8281004670397216;481,2242144667122;5,403443082288246;10,35444009641695;5,054217994145265;335,5587692989245;3,7618162913421513;2989,773237155058;5,110497237569061;12,53922023887032;3253,247290855878;4,823204419889502;14,633458974110027
0;0;7,000000000000001e-05;0,8609396427528749;0,7538780307599616;5,152371549835824;3,8281004670397216;481,2242144667122;5,403443082288246;10,369853914422226;5,078587585660728;335,1363438613504;3,757148797520927;2989,773237155058;5,110497237569061;12,53922023887032;3254,1551838095515;4,823204419889502;14,633458974110027
0;0;8e-05;0,8609396427528749;0,7538780307599616;5,152371549835824;3,8281004670397216;481,2242144667122;5,403443082288246;10,371492154682462;5,081177708045729;335,09212917794827;3,7566605249409264;2989,773237155058;5,110497237569061;12,53922023887032;3254,2506990789407;4,823204419889502;14,633458974110027
0;0;9e-05;0,8609396427528749;0,7538780307599616;5,152371549835824;3,8281004670397216;481,2242144667122;5,403443082288246;10,37347856168268;5,084318471375159;335,0385169111497;3,756068472926529;2989,773237155058;5,110497237569061;12,53922023887032;3254,3665317314453;4,823204419889502;14,633458974110027
0;0;0,0001;0,8609396427528749;0,7538780307599616;5,152371549835824;3,8281004670397216;481,2242144667122;5,403443082288246;10,374525127143038;5,085973056669996;335,0102751523105;3,755756594345484;2989,773237155058;5,110497237569061;12,53922023887032;3254,4275603471096;4,823204419889502;14,633458974110027
0;0;0,0002;0,8609396427528749;0,7538780307599616;5,152371549835824;3,8281004670397216;481,2242144667122;5,403443082288246;10,379969486416645;5,094580930482472;334,86333705741623;3,754133924931522;2989,773237155058;5,110497237569061;12,53922023887032;3254,7451532365853;4,823204419889502;14,633458974110027
0;0;0,0003;0,8609396427528749;0,7538780307599616;5,152371549835824;3,8281004670397216;481,2242144667122;5,403443082288246;10,381754269815618;5,097402779081552;334,8151730496522;3,753602041534162;2989,773237155058;5,110497237569061;12,53922023887032;3254,849289050969;4,823204419889502;14,633458974110027
0;0;0,0004;0,8609396427528749;0,7538780307599616;5,152371549835824;3,8281004670397216;481,2242144667122;5,403443082288246;10,382611412266058;5,098757947584964;334,7920411469461;3,753346591458988;2989,773237155058;5,110497237569061;12,53922023887032;3254,8993073727493;4,823204419889502;14,633458974110027
0;0;0,0005;0,8609396427528749;0,7538780307599616;5,152371549835824;3,8281004670397216;481,2242144667122;5,403443082288246;10,383237706194446;5,099748201062752;334,77513680741754;3,753159912783542;2989,773237155058;5,110497237569061;12,53922023887032;3254,935860386339;4,823204419889502;14,633458974110027
0;0;0,0006;0,8609396427528749;0,7538780307599616;5,152371549835824;3,8281004670397216;481,2242144667122;5,403443082288246;10,383580756731634;5,100290582958316;334,7658808542174;3,753057698326888;2989,773237155058;5,110497237569061;12,53922023887032;3254,9558778652213;4,823204419889502;14,633458974110027
0;0;0,0007;0,8609396427528749;0,7538780307599616;5,152371549835824;3,8281004670397216;481,2242144667122;5,403443082288246;10,383850303652215;5,100716755376997;334,75860545529576;3,752977354304127;2989,773237155058;5,110497237569061;12,53922023887032;3254,971610777407;4,823204419889502;14,633458974110027
0;0;0,0008;0,8609396427528749;0,7538780307599616;5,152371549835824;3,8281004670397216;481,2242144667122;5,403443082288246;10,383776555824202;5,100600100307723;334,76059692858547;3,7529993468434393;2989,773237155058;5,110497237569061;12,53922023887032;3254,967304871366;4,823204419889502;14,633458974110027
0;0;0,0009;0,8609396427528749;0,7538780307599616;5,152371549835824;3,8281004670397216;481,2242144667122;5,403443082288246;10,384087103864614;5,101091176561894;334,7522142123055;3,752906774391256;2989,773237155058;5,110497237569061;12,53922023887032;3254,9854321603857;4,823204419889502;14,633458974110027
0;0;0,001;0,8609396427528749;0,7538780307599616;5,152371549835824;3,8281004670397216;481,2242144667122;5,403443082288246;10,384366548032684;5,101533006153922;334,7446715256878;3,75282347860307;2989,773237155058;5,110497237569061;12,53922023887032;3255,001743648816;4,823204419889502;14,633458974110027
0;0;0,002;0,8609396427528749;0,7538780307599616;5,152371549835824;3,8281004670397216;481,2242144667122;5,403443082288246;4,878092645425031;3,6305758855355776;483,589725848312;5,397474957799145;2989,773237155058;5,110497237569061;12,53922023887032;2988,471202915164;4,856353591160221;14,636479062158925
0;0;0,003;0,8609396427528749;0,7538780307599616;5,152371549835824;3,8281004670397216;481,2242144667122;5,403443082288246;4,9259889464359325;3,665530370192819;483,25477219338495;5,398275081133479;2989,773237155058;5,110497237569061;12,53922023887032;2987,951893842495;4,878453038674033;14,380965012687174
0;0;0,004;0,8609396427528749;0,7538780307599616;5,152371549835824;3,8281004670397216;481,2242144667122;5,403443082288246;4,958197450298034;3,688942501367059;483,01819357678886;5,398847351214491;2989,773237155058;5,110497237569061;12,53922023887032;2987,6976203349304;4,889502762430939;14,149361112414326
0;0;0,005;0,8609396427528749;0,7538780307599616;5,152371549835824;3,8281004670397216;481,2242144667122;5,403443082288246;4,984122318216276;3,7077616047892574;482,8196749154724;5,399332398300325;2989,773237155058;5,110497237569061;12,53922023887032;2987,5631209372077;4,939226519337017;14,0141995866781
0;0;0,006;0,8609396427528749;0,7538780307599616;5,152371549835824;3,8281004670397216;481,2242144667122;5,403443082288246;5,0070821430089545;3,7243910686390542;482,6368472480074;5,399783343500518;2989,773237155058;5,110497237569061;12,53922023887032;2987,507963517123;4,950276243093922;13,836455970086943
0;0;0,007;0,8609396427528749;0,7538780307599616;5,152371549835824;3,8281004670397216;481,2242144667122;5,403443082288246;5,022815068471076;3,735760823196369;482,5072124739725;5,40010571042936;2989,773237155058;5,110497237569061;12,53922023887032;2987,511216758997;4,977900552486188;13,736872186147892
0;0;0,008;0,8609396427528749;0,7538780307599616;5,152371549835824;3,8281004670397216;481,2242144667122;5,403443082288246;5,037867572782709;3,7466042862081927;482,3794862860062;5,400425613237271;2989,773237155058;5,110497237569061;12,53922023887032;2987,5505688594376;4,988950276243094;13,625009503772851
0;0;0,009;0,8609396427528749;0,7538780307599616;5,152371549835824;3,8281004670397216;481,2242144667122;5,403443082288246;5,047968692729707;3,7538990949511337;482,29138222277015;5,400647552237606;2989,773237155058;5,110497237569061;12,53922023887032;2987,599195782151;5,005524861878453;13,55651155441037
0;0;0,01;0,8609396427528749;0,7538780307599616;5,152371549835824;3,8281004670397216;481,2242144667122;5,403443082288246;5,058455296154381;3,7614323875589513;482,19791487316553;5,400884340227336;2989,773237155058;5,110497237569061;12,53922023887032;2987,6708580312206;5,011049723756906;13,47332129581758
0;0;0,02;0,8609396427528749;0,7538780307599616;5,152371549835824;3,8281004670397216;481,2242144667122;5,403443082288246;5,114287113700549;3,801542064061426;481,6538753799276;5,402290445682128;2989,773237155058;5,110497237569061;12,53922023887032;2988,523322277048;5,066298342541437;12,9919226925278
0;0;0,03;0,8609396427528749;0,7538780307599616;5,152371549835824;3,8281004670397216;481,2242144667122;5,403443082288246;5,134333979987506;3,816172563477906;481,432317240296;5,402877936304743;2989,773237155058;5,110497237569061;12,53922023887032;2989,09960309848;5,088397790055248;12,701633426953684
0;0;0,04;0,8609396427528749;0,7538780307599616;5,152371549835824;3,8281004670397216;481,2242144667122;5,403443082288246;5,142974037486265;3,822504570888509;481,331363983355;5,403148958116894;2989,773237155058;5,110497237569061;12,53922023887032;2989,4096802405243;5,093922651933702;12,636874919647129
0;0;0,05;0,8609396427528749;0,7538780307599616;5,152371549835824;3,8281004670397216;481,2242144667122;5,403443082288246;5,14755872231088;3,8258710404459855;481,2763338856406;5,40329763014263;2989,773237155058;5,110497237569061;12,53922023887032;2989,591619417736;5,110497237569061;12,607767490914972
0;0;0,06;0,8609396427528749;0,7538780307599616;5,152371549835824;3,8281004670397216;481,2242144667122;5,403443082288246;5,149541378408841;3,827328625238323;481,2522096351368;5,403363019634949;2989,773237155058;5,110497237569061;12,53922023887032;2989,67429154523;5,110497237569061;12,542744595540096
0;0;0,07;0,8609396427528749;0,7538780307599616;5,152371549835824;3,8281004670397216;481,2242144667122;5,403443082288246;5,150696959319252;3,8281774248600895;481,23806435571584;5,403401424207115;2989,773237155058;5,110497237569061;12,53922023887032;2989,7236176569018;5,116022099447513;12,544286190218216
0;0;0,08;0,8609396427528749;0,7538780307599616;5,152371549835824;3,8281004670397216;481,2242144667122;5,403443082288246;5,151251478088103;3,828587565053159;481,231236041878;5,4034199726966285;2989,773237155058;5,110497237569061;12,53922023887032;2989,7476374748107;5,110497237569061;12,53922023887032
0;0;0,09;0,8609396427528749;0,7538780307599616;5,152371549835824;3,8281004670397216;481,2242144667122;5,403443082288246;5,1513022864963744;3,828625505661893;481,2306075431072;5,403421679930396;2989,773237155058;5,110497237569061;12,53922023887032;2989,74985084951;5,110497237569061;12,53922023887032
0;0;0,1;0,8609396427528749;0,7538780307599616;5,152371549835824;3,8281004670397216;481,2242144667122;5,403443082288246;5,151302307210422;3,828625486273655;481,2306074734856;5,403421680211626;2989,773237155058;5,110497237569061;12,53922023887032;2989,749851236476;5,110497237569061;12,53922023887032
0;0;0,2;0,8609396427528749;0,7538780307599616;5,152371549835824;3,8281004670397216;481,2242144667122;5,403443082288246;5,151331798904245;3,828647462231896;481,2302428359247;5,403422671208213;2989,773237155058;5,110497237569061;12,53922023887032;2989,7511330950174;5,110497237569061;12,53922023887032
0;0;0,3;0,8609396427528749;0,7538780307599616;5,152371549835824;3,8281004670397216;481,2242144667122;5,403443082288246;5,151331619718938;3,82864751621139;481,230243712753;5,403422674029616;2989,773237155058;5,110497237569061;12,53922023887032;2989,7510785824047;5,110497237569061;12,53922023887032
0;0;0,4;0,8609396427528749;0,7538780307599616;5,152371549835824;3,8281004670397216;481,2242144667122;5,403443082288246;5,151595233540455;3,828225301770445;481,2301887940095;5,403424604427667;2989,773237155058;5,110497237569061;12,53922023887032;2989,752574179917;5,110497237569061;12,53922023887032
0;0;0,5;0,8609396427528749;0,7538780307599616;5,152371549835824;3,8281004670397216;481,2242144667122;5,403443082288246;5,151860165682638;3,827804837562578;481,2301127718619;5,403426570905971;2989,773237155058;5,110497237569061;12,53922023887032;2989,754313445584;5,110497237569061;12,53922023887032
0;0;0,6000000000000001;0,8609396427528749;0,7538780307599616;5,152371549835824;3,8281004670397216;481,2242144667122;5,403443082288246;5,15233031795227;3,828164053812376;481,2242516696005;5,403442467023028;2989,773237155058;5,110497237569061;12,53922023887032;2989,775057124367;5,110497237569061;12,53922023887032
0;0;0,7000000000000001;0,8609396427528749;0,7538780307599616;5,152371549835824;3,8281004670397216;481,2242144667122;5,403443082288246;5,152334959724108;3,8281567245033727;481,22424998322793;5,403442506211781;2989,773237155058;5,110497237569061;12,53922023887032;2989,775054318479;5,110497237569061;12,53922023887032
0;0;0,8;0,8609396427528749;0,7538780307599616;5,152371549835824;3,8281004670397216;481,2242144667122;5,403443082288246;5,152336247031784;3,82815469481805;481,22424953958;5,403442516239556;2989,773237155058;5,110497237569061;12,53922023887032;2989,775060252293;5,110497237569061;12,53922023887032
0;0;0,9;0,8609396427528749;0,7538780307599616;5,152371549835824;3,8281004670397216;481,2242144667122;5,403443082288246;5,152336209955319;3,828154714266464;481,22424974867295;5,403442515546349;2989,773237155058;5,110497237569061;12,53922023887032;2989,77505932184;5,110497237569061;12,53922023887032
0;0;1,0;0,8609396427528749;0,7538780307599616;5,152371549835824;3,8281004670397216;481,2242144667122;5,403443082288246;5,152339235418204;3,828150024105135;481,22424823319193;5,403442541526352;2989,773237155058;5,110497237569061;12,53922023887032;2989,775062715499;5,110497237569061;12,53922023887032
0;0;2,0;0,8609396427528749;0,7538780307599616;5,152371549835824;3,8281004670397216;481,2242144667122;5,403443082288246;5,152347829942716;3,828136499675225;481,2242445728681;5,403442620355215;2989,773237155058;5,110497237569061;12,53922023887032;2989,775015529577;5,110497237569061;12,53922023887032
0;0;3,0;0,8609396427528749;0,7538780307599616;5,152371549835824;3,8281004670397216;481,2242144667122;5,403443082288246;5,1523542628983385;3,828126473181218;481,22424036969113;5,40344269841582;2989,773237155058;5,110497237569061;12,53922023887032;2989,774849045843;5,110497237569061;12,53922023887032
0;0;4,0;0,8609396427528749;0,7538780307599616;5,152371549835824;3,8281004670397216;481,2242144667122;5,403443082288246;5,15236577593469;3,828108960953245;481,2242267539544;5,403442909900627;2989,773237155058;5,110497237569061;12,53922023887032;2989,7740715222703;5,110497237569061;12,53922023887032
0;0;5,0;0,8609396427528749;0,7538780307599616;5,152371549835824;3,8281004670397216;481,2242144667122;5,403443082288246;5,152371549835824;3,8281004670397216;481,2242144667122;5,403443082288246;2989,773237155058;5,110497237569061;12,53922023887032;2989,773237155058;5,110497237569061;12,53922023887032
0;0;6,0;0,8609396427528749;0,7538780307599616;5,152371549835824;3,8281004670397216;481,2242144667122;5,403443082288246;5,152371549835824;3,8281004670397216;481,2242144667122;5,403443082288246;2989,773237155058;5,110497237569061;12,53922023887032;2989,773237155058;5,110497237569061;12,53922023887032
0;0;7,0;0,8609396427528749;0,7538780307599616;5,152371549835824;3,8281004670397216;481,2242144667122;5,403443082288246;5,152371549835824;3,8281004670397216;481,2242144667122;5,403443082288246;2989,773237155058;5,110497237569061;12,53922023887032;2989,773237155058;5,110497237569061;12,53922023887032
0;0;8,0;0,8609396427528749;0,7538780307599616;5,152371549835824;3,8281004670397216;481,2242144667122;5,403443082288246;5,152371549835824;3,8281004670397216;481,2242144667122;5,403443082288246;2989,773237155058;5,110497237569061;12,53922023887032;2989,773237155058;5,110497237569061;12,53922023887032
0;0;9,0;0,8609396427528749;0,7538780307599616;5,152371549835824;3,8281004670397216;481,2242144667122;5,403443082288246;5,152371549835824;3,8281004670397216;481,2242144667122;5,403443082288246;2989,773237155058;5,110497237569061;12,53922023887032;2989,773237155058;5,110497237569061;12,53922023887032
0;0;10,0;0,8609396427528749;0,7538780307599616;5,152371549835824;3,8281004670397216;481,2242144667122;5,403443082288246;5,152371549835824;3,8281004670397216;481,2242144667122;5,403443082288246;2989,773237155058;5,110497237569061;12,53922023887032;2989,773237155058;5,110497237569061;12,53922023887032
0;0;20,0;0,8609396427528749;0,7538780307599616;5,152371549835824;3,8281004670397216;481,2242144667122;5,403443082288246;5,152371549835824;3,8281004670397216;481,2242144667122;5,403443082288246;2989,773237155058;5,110497237569061;12,53922023887032;2989,773237155058;5,110497237569061;12,53922023887032
0;0;30,0;0,8609396427528749;0,7538780307599616;5,152371549835824;3,8281004670397216;481,2242144667122;5,403443082288246;5,152371549835824;3,8281004670397216;481,2242144667122;5,403443082288246;2989,773237155058;5,110497237569061;12,53922023887032;2989,773237155058;5,110497237569061;12,53922023887032
0;0;40,0;0,8609396427528749;0,7538780307599616;5,152371549835824;3,8281004670397216;481,2242144667122;5,403443082288246;5,152371549835824;3,8281004670397216;481,2242144667122;5,403443082288246;2989,773237155058;5,110497237569061;12,53922023887032;2989,773237155058;5,110497237569061;12,53922023887032
0;0;50,0;0,8609396427528749;0,7538780307599616;5,152371549835824;3,8281004670397216;481,2242144667122;5,403443082288246;5,152371549835824;3,8281004670397216;481,2242144667122;5,403443082288246;2989,773237155058;5,110497237569061;12,53922023887032;2989,773237155058;5,110497237569061;12,53922023887032
0;0;60,0;0,8609396427528749;0,7538780307599616;5,152371549835824;3,8281004670397216;481,2242144667122;5,403443082288246;5,152371549835824;3,8281004670397216;481,2242144667122;5,403443082288246;2989,773237155058;5,110497237569061;12,53922023887032;2989,773237155058;5,110497237569061;12,53922023887032
0;0;70,0;0,8609396427528749;0,7538780307599616;5,152371549835824;3,8281004670397216;481,2242144667122;5,403443082288246;5,152371549835824;3,8281004670397216;481,2242144667122;5,403443082288246;2989,773237155058;5,110497237569061;12,53922023887032;2989,773237155058;5,110497237569061;12,53922023887032
0;0;80,0;0,8609396427528749;0,7538780307599616;5,152371549835824;3,8281004670397216;481,2242144667122;5,403443082288246;5,152371549835824;3,8281004670397216;481,2242144667122;5,403443082288246;2989,773237155058;5,110497237569061;12,53922023887032;2989,773237155058;5,110497237569061;12,53922023887032
0;0;90,0;0,8609396427528749;0,7538780307599616;5,152371549835824;3,8281004670397216;481,2242144667122;5,403443082288246;5,152371549835824;3,8281004670397216;481,2242144667122;5,403443082288246;2989,773237155058;5,110497237569061;12,53922023887032;2989,773237155058;5,110497237569061;12,53922023887032
0;0;100,0;0,8609396427528749;0,7538780307599616;5,152371549835824;3,8281004670397216;481,2242144667122;5,403443082288246;5,152371549835824;3,8281004670397216;481,2242144667122;5,403443082288246;2989,773237155058;5,110497237569061;12,53922023887032;2989,773237155058;5,110497237569061;12,53922023887032
0;0;200,0;0,8609396427528749;0,7538780307599616;5,152371549835824;3,8281004670397216;481,2242144667122;5,403443082288246;5,152371549835824;3,8281004670397216;481,2242144667122;5,403443082288246;2989,773237155058;5,110497237569061;12,53922023887032;2989,773237155058;5,110497237569061;12,53922023887032
0;0;300,0;0,8609396427528749;0,7538780307599616;5,152371549835824;3,8281004670397216;481,2242144667122;5,403443082288246;5,152371549835824;3,8281004670397216;481,2242144667122;5,403443082288246;2989,773237155058;5,110497237569061;12,53922023887032;2989,773237155058;5,110497237569061;12,53922023887032
0;0;400,0;0,8609396427528749;0,7538780307599616;5,152371549835824;3,8281004670397216;481,2242144667122;5,403443082288246;5,152371549835824;3,8281004670397216;481,2242144667122;5,403443082288246;2989,773237155058;5,110497237569061;12,53922023887032;2989,773237155058;5,110497237569061;12,53922023887032
0;0;500,0;0,8609396427528749;0,7538780307599616;5,152371549835824;3,8281004670397216;481,2242144667122;5,403443082288246;5,152371549835824;3,8281004670397216;481,2242144667122;5,403443082288246;2989,773237155058;5,110497237569061;12,53922023887032;2989,773237155058;5,110497237569061;12,53922023887032
0;0;600,0;0,8609396427528749;0,7538780307599616;5,152371549835824;3,8281004670397216;481,2242144667122;5,403443082288246;5,152371549835824;3,8281004670397216;481,2242144667122;5,403443082288246;2989,773237155058;5,110497237569061;12,53922023887032;2989,773237155058;5,110497237569061;12,53922023887032
0;0;700,0;0,8609396427528749;0,7538780307599616;5,152371549835824;3,8281004670397216;481,2242144667122;5,403443082288246;5,152371549835824;3,8281004670397216;481,2242144667122;5,403443082288246;2989,773237155058;5,110497237569061;12,53922023887032;2989,773237155058;5,110497237569061;12,53922023887032
0;0;800,0;0,8609396427528749;0,7538780307599616;5,152371549835824;3,8281004670397216;481,2242144667122;5,403443082288246;5,152371549835824;3,8281004670397216;481,2242144667122;5,403443082288246;2989,773237155058;5,110497237569061;12,53922023887032;2989,773237155058;5,110497237569061;12,53922023887032
0;0;900,0;0,8609396427528749;0,7538780307599616;5,152371549835824;3,8281004670397216;481,2242144667122;5,403443082288246;5,152371549835824;3,8281004670397216;481,2242144667122;5,403443082288246;2989,773237155058;5,110497237569061;12,53922023887032;2989,773237155058;5,110497237569061;12,53922023887032
0;0;1000,0;0,8609396427528749;0,7538780307599616;5,152371549835824;3,8281004670397216;481,2242144667122;5,403443082288246;5,152371549835824;3,8281004670397216;481,2242144667122;5,403443082288246;2989,773237155058;5,110497237569061;12,53922023887032;2989,773237155058;5,110497237569061;12,53922023887032
0;0;2000,0;0,8609396427528749;0,7538780307599616;5,152371549835824;3,8281004670397216;481,2242144667122;5,403443082288246;5,152371549835824;3,8281004670397216;481,2242144667122;5,403443082288246;2989,773237155058;5,110497237569061;12,53922023887032;2989,773237155058;5,110497237569061;12,53922023887032
0;0;3000,0;0,8609396427528749;0,7538780307599616;5,152371549835824;3,8281004670397216;481,2242144667122;5,403443082288246;5,152371549835824;3,8281004670397216;481,2242144667122;5,403443082288246;2989,773237155058;5,110497237569061;12,53922023887032;2989,773237155058;5,110497237569061;12,53922023887032
0;0;4000,0;0,8609396427528749;0,7538780307599616;5,152371549835824;3,8281004670397216;481,2242144667122;5,403443082288246;5,152371549835824;3,8281004670397216;481,2242144667122;5,403443082288246;2989,773237155058;5,110497237569061;12,53922023887032;2989,773237155058;5,110497237569061;12,53922023887032
0;0;5000,0;0,8609396427528749;0,7538780307599616;5,152371549835824;3,8281004670397216;481,2242144667122;5,403443082288246;5,152371549835824;3,8281004670397216;481,2242144667122;5,403443082288246;2989,773237155058;5,110497237569061;12,53922023887032;2989,773237155058;5,110497237569061;12,53922023887032
0;0;6000,0;0,8609396427528749;0,7538780307599616;5,152371549835824;3,8281004670397216;481,2242144667122;5,403443082288246;5,152371549835824;3,8281004670397216;481,2242144667122;5,403443082288246;2989,773237155058;5,110497237569061;12,53922023887032;2989,773237155058;5,110497237569061;12,53922023887032
0;0;7000,0;0,8609396427528749;0,7538780307599616;5,152371549835824;3,8281004670397216;481,2242144667122;5,403443082288246;5,152371549835824;3,8281004670397216;481,2242144667122;5,403443082288246;2989,773237155058;5,110497237569061;12,53922023887032;2989,773237155058;5,110497237569061;12,53922023887032
0;0;8000,0;0,8609396427528749;0,7538780307599616;5,152371549835824;3,8281004670397216;481,2242144667122;5,403443082288246;5,152371549835824;3,8281004670397216;481,2242144667122;5,403443082288246;2989,773237155058;5,110497237569061;12,53922023887032;2989,773237155058;5,110497237569061;12,53922023887032
0;0;9000,0;0,8609396427528749;0,7538780307599616;5,152371549835824;3,8281004670397216;481,2242144667122;5,403443082288246;5,152371549835824;3,8281004670397216;481,2242144667122;5,403443082288246;2989,773237155058;5,110497237569061;12,53922023887032;2989,773237155058;5,110497237569061;12,53922023887032
0;0;10000,0;0,8609396427528749;0,7538780307599616;5,152371549835824;3,8281004670397216;481,2242144667122;5,403443082288246;5,152371549835824;3,8281004670397216;481,2242144667122;5,403443082288246;2989,773237155058;5,110497237569061;12,53922023887032;2989,773237155058;5,110497237569061;12,53922023887032
0;0;20000,0;0,8609396427528749;0,7538780307599616;5,152371549835824;3,8281004670397216;481,2242144667122;5,403443082288246;5,152371549835824;3,8281004670397216;481,2242144667122;5,403443082288246;2989,773237155058;5,110497237569061;12,53922023887032;2989,773237155058;5,110497237569061;12,53922023887032
0;0;30000,0;0,8609396427528749;0,7538780307599616;5,152371549835824;3,8281004670397216;481,2242144667122;5,403443082288246;5,152371549835824;3,8281004670397216;481,2242144667122;5,403443082288246;2989,773237155058;5,110497237569061;12,53922023887032;2989,773237155058;5,110497237569061;12,53922023887032
0;0;40000,0;0,8609396427528749;0,7538780307599616;5,152371549835824;3,8281004670397216;481,2242144667122;5,403443082288246;5,152371549835824;3,8281004670397216;481,2242144667122;5,403443082288246;2989,773237155058;5,110497237569061;12,53922023887032;2989,773237155058;5,110497237569061;12,53922023887032
0;0;50000,0;0,8609396427528749;0,7538780307599616;5,152371549835824;3,8281004670397216;481,2242144667122;5,403443082288246;5,152371549835824;3,8281004670397216;481,2242144667122;5,403443082288246;2989,773237155058;5,110497237569061;12,53922023887032;2989,773237155058;5,110497237569061;12,53922023887032
0;0;60000,0;0,8609396427528749;0,7538780307599616;5,152371549835824;3,8281004670397216;481,2242144667122;5,403443082288246;5,152371549835824;3,8281004670397216;481,2242144667122;5,403443082288246;2989,773237155058;5,110497237569061;12,53922023887032;2989,773237155058;5,110497237569061;12,53922023887032
0;0;70000,0;0,8609396427528749;0,7538780307599616;5,152371549835824;3,8281004670397216;481,2242144667122;5,403443082288246;5,152371549835824;3,8281004670397216;481,2242144667122;5,403443082288246;2989,773237155058;5,110497237569061;12,53922023887032;2989,773237155058;5,110497237569061;12,53922023887032
0;0;80000,0;0,8609396427528749;0,7538780307599616;5,152371549835824;3,8281004670397216;481,2242144667122;5,403443082288246;5,152371549835824;3,8281004670397216;481,2242144667122;5,403443082288246;2989,773237155058;5,110497237569061;12,53922023887032;2989,773237155058;5,110497237569061;12,53922023887032
0;0;90000,0;0,8609396427528749;0,7538780307599616;5,152371549835824;3,8281004670397216;481,2242144667122;5,403443082288246;5,152371549835824;3,8281004670397216;481,2242144667122;5,403443082288246;2989,773237155058;5,110497237569061;12,53922023887032;2989,773237155058;5,110497237569061;12,53922023887032
0;0;100000,0;0,8609396427528749;0,7538780307599616;5,152371549835824;3,8281004670397216;481,2242144667122;5,403443082288246;5,152371549835824;3,8281004670397216;481,2242144667122;5,403443082288246;2989,773237155058;5,110497237569061;12,53922023887032;2989,773237155058;5,110497237569061;12,53922023887032
0;0;200000,0;0,8609396427528749;0,7538780307599616;5,152371549835824;3,8281004670397216;481,2242144667122;5,403443082288246;5,152371549835824;3,8281004670397216;481,2242144667122;5,403443082288246;2989,773237155058;5,110497237569061;12,53922023887032;2989,773237155058;5,110497237569061;12,53922023887032
0;0;300000,0;0,8609396427528749;0,7538780307599616;5,152371549835824;3,8281004670397216;481,2242144667122;5,403443082288246;5,152371549835824;3,8281004670397216;481,2242144667122;5,403443082288246;2989,773237155058;5,110497237569061;12,53922023887032;2989,773237155058;5,110497237569061;12,53922023887032
0;0;400000,0;0,8609396427528749;0,7538780307599616;5,152371549835824;3,8281004670397216;481,2242144667122;5,403443082288246;5,152371549835824;3,8281004670397216;481,2242144667122;5,403443082288246;2989,773237155058;5,110497237569061;12,53922023887032;2989,773237155058;5,110497237569061;12,53922023887032
0;0;500000,0;0,8609396427528749;0,7538780307599616;5,152371549835824;3,8281004670397216;481,2242144667122;5,403443082288246;5,152371549835824;3,8281004670397216;481,2242144667122;5,403443082288246;2989,773237155058;5,110497237569061;12,53922023887032;2989,773237155058;5,110497237569061;12,53922023887032
0;0;600000,0;0,8609396427528749;0,7538780307599616;5,152371549835824;3,8281004670397216;481,2242144667122;5,403443082288246;5,152371549835824;3,8281004670397216;481,2242144667122;5,403443082288246;2989,773237155058;5,110497237569061;12,53922023887032;2989,773237155058;5,110497237569061;12,53922023887032
0;0;700000,0;0,8609396427528749;0,7538780307599616;5,152371549835824;3,8281004670397216;481,2242144667122;5,403443082288246;5,152371549835824;3,8281004670397216;481,2242144667122;5,403443082288246;2989,773237155058;5,110497237569061;12,53922023887032;2989,773237155058;5,110497237569061;12,53922023887032
0;0;800000,0;0,8609396427528749;0,7538780307599616;5,152371549835824;3,8281004670397216;481,2242144667122;5,403443082288246;5,152371549835824;3,8281004670397216;481,2242144667122;5,403443082288246;2989,773237155058;5,110497237569061;12,53922023887032;2989,773237155058;5,110497237569061;12,53922023887032
0;0;900000,0;0,8609396427528749;0,7538780307599616;5,152371549835824;3,8281004670397216;481,2242144667122;5,403443082288246;5,152371549835824;3,8281004670397216;481,2242144667122;5,403443082288246;2989,773237155058;5,110497237569061;12,53922023887032;2989,773237155058;5,110497237569061;12,53922023887032
0;4;1e-06;0,8609396427528749;0,7538780307599616;5,498768808969455;3,9236115658674713;480,83977214355673;5,628310110874066;17,487928791522442;15,839146520063322;451,8687765794929;5,509307794679605;2989,079843484644;5,475138121546961;14,373663762059811;4022,660671323425;17,248618784530386;30,736448750107023
0;4;2e-06;0,8609396427528749;0,7538780307599616;5,498768808969455;3,9236115658674713;480,83977214355673;5,628310110874066;17,13801198548981;15,285644788467314;471,0124417323973;5,726237103456658;2989,079843484644;5,475138121546961;14,373663762059811;3956,832549337246;17,12154696132597;30,601429930840727
0;4;3e-06;0,8609396427528749;0,7538780307599616;5,498768808969455;3,9236115658674713;480,83977214355673;5,628310110874066;11,080340640373068;5,678315922561929;345,8264664342848;4,111102085734164;2989,079843484644;5,475138121546961;14,373663762059811;3252,855931439137;6,375690607734807;17,748706279209067
0;4;4e-06;0,8609396427528749;0,7538780307599616;5,498768808969455;3,9236115658674713;480,83977214355673;5,628310110874066;11,748361004533532;6,750787245443366;339,79396719491746;4,04996447937123;2989,079843484644;5,475138121546961;14,373663762059811;3278,845790432731;7,044198895027624;18,44283388058791
0;4;5e-06;0,8609396427528749;0,7538780307599616;5,498768808969455;3,9236115658674713;480,83977214355673;5,628310110874066;6,593725757084492;1,4489360286444182;481,2143792246165;5,615190999976695;2989,079843484644;5,475138121546961;14,373663762059811;3015,458646762226;6,480662983425415;17,810078467755954
0;4;6e-06;0,8609396427528749;0,7538780307599616;5,498768808969455;3,9236115658674713;480,83977214355673;5,628310110874066;6,817621830789999;1,0932470015089315;474,583592592928;5,541575496416874;2989,079843484644;5,475138121546961;14,373663762059811;3025,520420067438;6,475138121546961;17,809302926230213
0;4;7e-06;0,8609396427528749;0,7538780307599616;5,498768808969455;3,9236115658674713;480,83977214355673;5,628310110874066;6,956648038815768;0,8723878854483225;470,4656337943757;5,495857410268485;2989,079843484644;5,475138121546961;14,373663762059811;3031,83980404272;6,475138121546961;17,809302926230213
0;4;8e-06;0,8609396427528749;0,7538780307599616;5,498768808969455;3,9236115658674713;480,83977214355673;5,628310110874066;7,05248144538907;0,7201464879514994;467,6268183134149;5,46434046924953;2989,079843484644;5,475138121546961;14,373663762059811;3036,2283937242128;6,475138121546961;17,809302926230213
0;4;9e-06;0,8609396427528749;0,7538780307599616;5,498768808969455;3,9236115658674713;480,83977214355673;5,628310110874066;7,11874527019932;0,6148798879706483;465,6638263416313;5,442547023035852;2989,079843484644;5,475138121546961;14,373663762059811;3039,2785831530064;6,475138121546961;17,809302926230213
0;4;1e-05;0,8609396427528749;0,7538780307599616;5,498768808969455;3,9236115658674713;480,83977214355673;5,628310110874066;7,171946160058493;0,5303661954613048;464,0876515507933;5,425048023543255;2989,079843484644;5,475138121546961;14,373663762059811;3041,7369434370867;6,475138121546961;17,809302926230213
0;4;2e-05;0,8609396427528749;0,7538780307599616;5,498768808969455;3,9236115658674713;480,83977214355673;5,628310110874066;7,384862982496914;0,1921321026318594;457,77927901773865;5,355011201767029;2989,079843484644;5,475138121546961;14,373663762059811;3051,6602550106422;6,475138121546961;17,809302926230213
0;4;3,0000000000000004e-05;0,8609396427528749;0,7538780307599616;5,498768808969455;3,9236115658674713;480,83977214355673;5,628310110874066;7,500866629828678;0,0195746351684142;440,80252062580354;5,161016156799986;2989,079843484644;5,475138121546961;14,373663762059811;3070,2414811730146;5,966850828729282;17,2668366068843
0;4;4e-05;0,8609396427528749;0,7538780307599616;5,498768808969455;3,9236115658674713;480,83977214355673;5,628310110874066;7,537028434895971;0,0330587733313549;434,6456106108964;5,090650513940341;2989,079843484644;5,475138121546961;14,373663762059811;3077,2883588114405;5,801104972375691;17,086067471991868
0;4;5e-05;0,8609396427528749;0,7538780307599616;5,498768808969455;3,9236115658674713;480,83977214355673;5,628310110874066;7,585785742733536;0,1028115777341831;425,52680387548907;4,9864430323832725;2989,079843484644;5,475138121546961;14,373663762059811;3088,090332182142;5,475138121546961;16,739637678673326
0;4;6,000000000000001e-05;0,8609396427528749;0,7538780307599616;5,498768808969455;3,9236115658674713;480,83977214355673;5,628310110874066;7,597402161515514;0,1203804000476722;424,3407497100496;4,972954591265141;2989,079843484644;5,475138121546961;14,373663762059811;3089,6199288650564;5,441988950276243;16,727751778347592
0;4;7,000000000000001e-05;0,8609396427528749;0,7538780307599616;5,498768808969455;3,9236115658674713;480,83977214355673;5,628310110874066;7,650285137640232;0,2017153235850735;420,2535181760532;4,926624205463547;2989,079843484644;5,475138121546961;14,373663762059811;3095,1529172177866;5,30939226519337;16,606428895550767
0;4;8e-05;0,8609396427528749;0,7538780307599616;5,498768808969455;3,9236115658674713;480,83977214355673;5,628310110874066;7,6573097961112975;0,2119403235014978;419,183454650105;4,914419806671281;2989,079843484644;5,475138121546961;14,373663762059811;3096,5108424413274;5,270718232044199;16,57062567796147
0;4;9e-05;0,8609396427528749;0,7538780307599616;5,498768808969455;3,9236115658674713;480,83977214355673;5,628310110874066;7,687344795029894;0,2589943439066324;417,6876211405095;4,897586546232448;2989,079843484644;5,475138121546961;14,373663762059811;3098,730742050888;5,2430939226519335;16,520036386459466
0;4;0,0001;0,8609396427528749;0,7538780307599616;5,498768808969455;3,9236115658674713;480,83977214355673;5,628310110874066;7,692445899506243;0,2656043124501011;416,1789964740569;4,880329742322468;2989,079843484644;5,475138121546961;14,373663762059811;3100,597058711782;5,193370165745856;16,501799667466376
0;4;0,0002;0,8609396427528749;0,7538780307599616;5,498768808969455;3,9236115658674713;480,83977214355673;5,628310110874066;7,875356949359803;0,5550848781308595;409,7848066010155;4,808986896617588;2989,079843484644;5,475138121546961;14,373663762059811;3111,0637614396137;5,154696132596685;16,43722362328836
0;4;0,0003;0,8609396427528749;0,7538780307599616;5,498768808969455;3,9236115658674713;480,83977214355673;5,628310110874066;7,912090021589494;0,6134933167617724;408,7482674909271;4,797500296529739;2989,079843484644;5,475138121546961;14,373663762059811;3112,8829161986687;5,154696132596685;16,43722362328836
0;4;0,0004;0,8609396427528749;0,7538780307599616;5,498768808969455;3,9236115658674713;480,83977214355673;5,628310110874066;7,924797278036539;0,6337042433890048;408,3949097930188;4,793586540919502;2989,079843484644;5,475138121546961;14,373663762059811;3113,5069126666435;5,154696132596685;16,43722362328836
0;4;0,0005;0,8609396427528749;0,7538780307599616;5,498768808969455;3,9236115658674713;480,83977214355673;5,628310110874066;7,930023344247987;0,6420163061948578;408,2499892258702;4,7919815744457015;2989,079843484644;5,475138121546961;14,373663762059811;3113,76320417279;5,154696132596685;16,43722362328836
0;4;0,0006;0,8609396427528749;0,7538780307599616;5,498768808969455;3,9236115658674713;480,83977214355673;5,628310110874066;7,931546021428835;0,6444380569222261;408,2082709192732;4,791519752915852;2989,079843484644;5,475138121546961;14,373663762059811;3113,8372762268828;5,154696132596685;16,43722362328836
0;4;0,0007;0,8609396427528749;0,7538780307599616;5,498768808969455;3,9236115658674713;480,83977214355673;5,628310110874066;7,932235713820173;0,6455348537922809;408,1893736555905;4,791310559454503;2989,079843484644;5,475138121546961;14,373663762059811;3113,8708308971936;5,154696132596685;16,43722362328836
0;4;0,0008;0,8609396427528749;0,7538780307599616;5,498768808969455;3,9236115658674713;480,83977214355673;5,628310110874066;7,93289751245636;0,646587412634986;408,1712436050256;4,7911098606088185;2989,079843484644;5,475138121546961;14,373663762059811;3113,903026234284;5,154696132596685;16,43722362328836
0;4;0,0009;0,8609396427528749;0,7538780307599616;5,498768808969455;3,9236115658674713;480,83977214355673;5,628310110874066;7,933329174265909;0,647273895636566;408,1594158682309;4,7909789270150736;2989,079843484644;5,475138121546961;14,373663762059811;3113,9240294714414;5,154696132596685;16,43722362328836
0;4;0,001;0,8609396427528749;0,7538780307599616;5,498768808969455;3,9236115658674713;480,83977214355673;5,628310110874066;7,933736861973761;0,6479222959920854;408,1482465143305;4,790855282471345;2989,079843484644;5,475138121546961;14,373663762059811;3113,9438649112803;5,154696132596685;16,43722362328836
0;4;0,002;0,8609396427528749;0,7538780307599616;5,498768808969455;3,9236115658674713;480,83977214355673;5,628310110874066;7,935630586062363;0,650934181733362;408,09635797644034;4,790280874822511;2989,079843484644;5,475138121546961;14,373663762059811;3114,036016258181;5,154696132596685;16,43722362328836
0;4;0,003;0,8609396427528749;0,7538780307599616;5,498768808969455;3,9236115658674713;480,83977214355673;5,628310110874066;7,936108578518869;0,6516943219337072;408,083262226735;4,790135904791551;2989,079843484644;5,475138121546961;14,373663762059811;3114,059276326415;5,154696132596685;16,43722362328836
0;4;0,004;0,8609396427528749;0,7538780307599616;5,498768808969455;3,9236115658674713;480,83977214355673;5,628310110874066;7,936354059838267;0,6520847057802754;408,0765391730037;4,790061481537382;2989,079843484644;5,475138121546961;14,373663762059811;3114,0712191795583;5,154696132596685;16,43722362328836
0;4;0,005;0,8609396427528749;0,7538780307599616;5,498768808969455;3,9236115658674713;480,83977214355673;5,628310110874066;7,870102109370681;0,5466722840626836;409,8931592058024;4,810171916945716;2989,079843484644;5,475138121546961;14,373663762059811;3110,8525607707297;5,154696132596685;16,43722362328836
0;4;0,006;0,8609396427528749;0,7538780307599616;5,498768808969455;3,9236115658674713;480,83977214355673;5,628310110874066;5,201083062902477;3,717462510762349;483,20263325988617;5,622370901343045;2989,079843484644;5,475138121546961;14,373663762059811;2991,406457787175;5,165745856353591;16,423100561227738
0;4;0,007;0,8609396427528749;0,7538780307599616;5,498768808969455;3,9236115658674713;480,83977214355673;5,628310110874066;5,217063953448658;3,728670196632372;483,0997075074292;5,622615284047502;2989,079843484644;5,475138121546961;14,373663762059811;2991,132390285505;5,149171270718232;16,287811936523518
0;4;0,008;0,8609396427528749;0,7538780307599616;5,498768808969455;3,9236115658674713;480,83977214355673;5,628310110874066;5,234071975956617;3,740603299271964;482,9884011471519;5,622880636510274;2989,079843484644;5,475138121546961;14,373663762059811;2990,844600147972;5,18232044198895;16,260992881824972
0;4;0,009;0,8609396427528749;0,7538780307599616;5,498768808969455;3,9236115658674713;480,83977214355673;5,628310110874066;5,248705159558909;3,750861976792901;482,8911127565516;5,623113546834437;2989,079843484644;5,475138121546961;14,373663762059811;2990,6014159192982;5,193370165745856;16,168997003166208
0;4;0,01;0,8609396427528749;0,7538780307599616;5,498768808969455;3,9236115658674713;480,83977214355673;5,628310110874066;5,26212780090426;3,760252340125263;482,8005868106935;5,623331145841361;2989,079843484644;5,475138121546961;14,373663762059811;2990,3830620448725;5,220994475138122;16,078021098099704
0;4;0,02;0,8609396427528749;0,7538780307599616;5,498768808969455;3,9236115658674713;480,83977214355673;5,628310110874066;5,348111300290594;3,820221147173477;482,184332337105;5,624836079758811;2989,079843484644;5,475138121546961;14,373663762059811;2989,1610389126104;5,292817679558011;15,581189962996518
0;4;0,03;0,8609396427528749;0,7538780307599616;5,498768808969455;3,9236115658674713;480,83977214355673;5,628310110874066;5,391631726682952;3,850406495148981;481,8411220775075;5,625694549838991;2989,079843484644;5,475138121546961;14,373663762059811;2988,7454118871588;5,331491712707182;15,29615558532953
0;4;0,04;0,8609396427528749;0,7538780307599616;5,498768808969455;3,9236115658674713;480,83977214355673;5,628310110874066;5,420231297167888;3,870198696193079;481,5995152217489;5,626308966753015;2989,079843484644;5,475138121546961;14,373663762059811;2988,5974596922706;5,359116022099448;15,122702555981355
0;4;0,05;0,8609396427528749;0,7538780307599616;5,498768808969455;3,9236115658674713;480,83977214355673;5,628310110874066;5,439215134076903;3,883305203471096;481,4303562875388;5,626744691659738;2989,079843484644;5,475138121546961;14,373663762059811;2988,574102049344;5,370165745856354;14,956289905414598
0;4;0,06;0,8609396427528749;0,7538780307599616;5,498768808969455;3,9236115658674713;480,83977214355673;5,628310110874066;5,455044906858475;3,8942396044688543;481,2828039873012;5,627128745932508;2989,079843484644;5,475138121546961;14,373663762059811;2988,6118641367234;5,397790055248619;14,769873773012357
0;4;0,07;0,8609396427528749;0,7538780307599616;5,498768808969455;3,9236115658674713;480,83977214355673;5,628310110874066;5,46545853683476;3,901496825837924;481,18176011115537;5,627393875656791;2989,079843484644;5,475138121546961;14,373663762059811;2988,670356883008;5,403314917127072;14,681141358975124
0;4;0,08;0,8609396427528749;0,7538780307599616;5,498768808969455;3,9236115658674713;480,83977214355673;5,628310110874066;5,471506420959258;3,905759264596004;481,1213589323903;5,627553175814548;2989,079843484644;5,475138121546961;14,373663762059811;2988,7184119468006;5,414364640883978;14,660052082848246
0;4;0,09;0,8609396427528749;0,7538780307599616;5,498768808969455;3,9236115658674713;480,83977214355673;5,628310110874066;5,478363481289726;3,910593240947687;481,0514367912738;5,627738505042606;2989,079843484644;5,475138121546961;14,373663762059811;2988,786757969459;5,4088397790055245;14,565341440238132
0;4;0,1;0,8609396427528749;0,7538780307599616;5,498768808969455;3,9236115658674713;480,83977214355673;5,628310110874066;5,48323258370672;3,9140225748070714;481,0008255256121;5,627873295061436;2989,079843484644;5,475138121546961;14,373663762059811;2988,8449451424863;5,441988950276243;14,493854670322174
0;4;0,2;0,8609396427528749;0,7538780307599616;5,498768808969455;3,9236115658674713;480,83977214355673;5,628310110874066;5,496912728560556;3,923682279768311;480,8538073813378;5,62826795799665;2989,079843484644;5,475138121546961;14,373663762059811;2989,056407417313;5,469613259668508;14,372702795068124
0;4;0,3;0,8609396427528749;0,7538780307599616;5,498768808969455;3,9236115658674713;480,83977214355673;5,628310110874066;5,497597256442553;3,924167476548117;480,8462473000726;5,628288381041987;2989,079843484644;5,475138121546961;14,373663762059811;2989,069019931968;5,469613259668508;14,372702795068124
0;4;0,4;0,8609396427528749;0,7538780307599616;5,498768808969455;3,9236115658674713;480,83977214355673;5,628310110874066;5,497630848689152;3,924190670335833;480,8458786197701;5,6282893795530775;2989,079843484644;5,475138121546961;14,373663762059811;2989,0696352375166;5,469613259668508;14,372702795068124
0;4;0,5;0,8609396427528749;0,7538780307599616;5,498768808969455;3,9236115658674713;480,83977214355673;5,628310110874066;5,497630795652484;3,924190750788405;480,84587865266354;5,628289379145661;2989,079843484644;5,475138121546961;14,373663762059811;2989,0696346501904;5,469613259668508;14,372702795068124
0;4;0,6000000000000001;0,8609396427528749;0,7538780307599616;5,498768808969455;3,9236115658674713;480,83977214355673;5,628310110874066;5,497630749326383;3,924190795876733;480,8458788045635;5,628289378524048;2989,079843484644;5,475138121546961;14,373663762059811;2989,069634048339;5,469613259668508;14,372702795068124
0;4;0,7000000000000001;0,8609396427528749;0,7538780307599616;5,498768808969455;3,9236115658674713;480,83977214355673;5,628310110874066;5,497630802696083;3,924190739240032;480,84587865727343;5,628289379176904;2989,079843484644;5,475138121546961;14,373663762059811;2989,0696347228995;5,469613259668508;14,372702795068124
0;4;0,8;0,8609396427528749;0,7538780307599616;5,498768808969455;3,9236115658674713;480,83977214355673;5,628310110874066;5,497631365056456;3,924189733212664;480,8458789942245;5,628289383666539;2989,079843484644;5,475138121546961;14,373663762059811;2989,069619386052;5,469613259668508;14,372702795068124
0;4;0,9;0,8609396427528749;0,7538780307599616;5,498768808969455;3,9236115658674713;480,83977214355673;5,628310110874066;5,49763308293586;3,9241869532169567;480,8458786652886;5,628289399366857;2989,079843484644;5,475138121546961;14,373663762059811;2989,0695852134418;5,469613259668508;14,372702795068124
0;4;1,0;0,8609396427528749;0,7538780307599616;5,498768808969455;3,9236115658674713;480,83977214355673;5,628310110874066;5,497662256030001;3,924139010297754;480,8458770777297;5,628289609025698;2989,079843484644;5,475138121546961;14,373663762059811;2989,0696328466547;5,469613259668508;14,372702795068124
0;4;2,0;0,8609396427528749;0,7538780307599616;5,498768808969455;3,9236115658674713;480,83977214355673;5,628310110874066;5,498727859752478;3,923674990090895;480,8397915056997;5,628309551853993;2989,079843484644;5,475138121546961;14,373663762059811;2989,082764810371;5,475138121546961;14,373663762059811
0;4;3,0;0,8609396427528749;0,7538780307599616;5,498768808969455;3,9236115658674713;480,83977214355673;5,628310110874066;5,4987366655572885;3,923661039918805;480,839788740505;5,6283096234680805;2989,079843484644;5,475138121546961;14,373663762059811;2989,0827339359985;5,475138121546961;14,373663762059811
0;4;4,0;0,8609396427528749;0,7538780307599616;5,498768808969455;3,9236115658674713;480,83977214355673;5,628310110874066;5,498739656113155;3,9236563557384265;480,8397875542064;5,628309648251726;2989,079843484644;5,475138121546961;14,373663762059811;2989,082724430828;5,475138121546961;14,373663762059811
0;4;5,0;0,8609396427528749;0,7538780307599616;5,498768808969455;3,9236115658674713;480,83977214355673;5,628310110874066;5,498739638424819;3,923656355777922;480,8397876901606;5,628309647850475;2989,079843484644;5,475138121546961;14,373663762059811;2989,0827241408074;5,475138121546961;14,373663762059811
0;4;6,0;0,8609396427528749;0,7538780307599616;5,498768808969455;3,9236115658674713;480,83977214355673;5,628310110874066;5,498744882976329;3,923648006284196;480,83978627122826;5,628309695498521;2989,079843484644;5,475138121546961;14,373663762059811;2989,0826334110643;5,475138121546961;14,373663762059811
0;4;7,0;0,8609396427528749;0,7538780307599616;5,498768808969455;3,9236115658674713;480,83977214355673;5,628310110874066;5,498745666439262;3,923646809955489;480,83978582682977;5,62830970303242;2989,079843484644;5,475138121546961;14,373663762059811;2989,0826209962074;5,475138121546961;14,373663762059811
0;4;8,0;0,8609396427528749;0,7538780307599616;5,498768808969455;3,9236115658674713;480,83977214355673;5,628310110874066;5,498748664212929;3,9236421438030007;480,8397845644983;5,6283097376198;2989,079843484644;5,475138121546961;14,373663762059811;2989,082485250659;5,475138121546961;14,373663762059811
0;4;9,0;0,8609396427528749;0,7538780307599616;5,498768808969455;3,9236115658674713;480,83977214355673;5,628310110874066;5,498751753620056;3,923637435429775;480,8397828027309;5,628309773844149;2989,079843484644;5,475138121546961;14,373663762059811;2989,082350855447;5,475138121546961;14,373663762059811
0;4;10,0;0,8609396427528749;0,7538780307599616;5,498768808969455;3,9236115658674713;480,83977214355673;5,628310110874066;5,498755707604889;3,9236312857687;480,8397811329304;5,628309828219505;2989,079843484644;5,475138121546961;14,373663762059811;2989,082057050128;5,475138121546961;14,373663762059811
0;4;20,0;0,8609396427528749;0,7538780307599616;5,498768808969455;3,9236115658674713;480,83977214355673;5,628310110874066;5,498768808969455;3,9236115658674713;480,83977214355673;5,628310110874066;2989,079843484644;5,475138121546961;14,373663762059811;2989,079843484644;5,475138121546961;14,373663762059811
0;4;30,0;0,8609396427528749;0,7538780307599616;5,498768808969455;3,9236115658674713;480,83977214355673;5,628310110874066;5,498768808969455;3,9236115658674713;480,83977214355673;5,628310110874066;2989,079843484644;5,475138121546961;14,373663762059811;2989,079843484644;5,475138121546961;14,373663762059811
0;4;40,0;0,8609396427528749;0,7538780307599616;5,498768808969455;3,9236115658674713;480,83977214355673;5,628310110874066;5,498768808969455;3,9236115658674713;480,83977214355673;5,628310110874066;2989,079843484644;5,475138121546961;14,373663762059811;2989,079843484644;5,475138121546961;14,373663762059811
0;4;50,0;0,8609396427528749;0,7538780307599616;5,498768808969455;3,9236115658674713;480,83977214355673;5,628310110874066;5,498768808969455;3,9236115658674713;480,83977214355673;5,628310110874066;2989,079843484644;5,475138121546961;14,373663762059811;2989,079843484644;5,475138121546961;14,373663762059811
0;4;60,0;0,8609396427528749;0,7538780307599616;5,498768808969455;3,9236115658674713;480,83977214355673;5,628310110874066;5,498768808969455;3,9236115658674713;480,83977214355673;5,628310110874066;2989,079843484644;5,475138121546961;14,373663762059811;2989,079843484644;5,475138121546961;14,373663762059811
0;4;70,0;0,8609396427528749;0,7538780307599616;5,498768808969455;3,9236115658674713;480,83977214355673;5,628310110874066;5,498768808969455;3,9236115658674713;480,83977214355673;5,628310110874066;2989,079843484644;5,475138121546961;14,373663762059811;2989,079843484644;5,475138121546961;14,373663762059811
0;4;80,0;0,8609396427528749;0,7538780307599616;5,498768808969455;3,9236115658674713;480,83977214355673;5,628310110874066;5,498768808969455;3,9236115658674713;480,83977214355673;5,628310110874066;2989,079843484644;5,475138121546961;14,373663762059811;2989,079843484644;5,475138121546961;14,373663762059811
0;4;90,0;0,8609396427528749;0,7538780307599616;5,498768808969455;3,9236115658674713;480,83977214355673;5,628310110874066;5,498768808969455;3,9236115658674713;480,83977214355673;5,628310110874066;2989,079843484644;5,475138121546961;14,373663762059811;2989,079843484644;5,475138121546961;14,373663762059811
0;4;100,0;0,8609396427528749;0,7538780307599616;5,498768808969455;3,9236115658674713;480,83977214355673;5,628310110874066;5,498768808969455;3,9236115658674713;480,83977214355673;5,628310110874066;2989,079843484644;5,475138121546961;14,373663762059811;2989,079843484644;5,475138121546961;14,373663762059811
0;4;200,0;0,8609396427528749;0,7538780307599616;5,498768808969455;3,9236115658674713;480,83977214355673;5,628310110874066;5,498768808969455;3,9236115658674713;480,83977214355673;5,628310110874066;2989,079843484644;5,475138121546961;14,373663762059811;2989,079843484644;5,475138121546961;14,373663762059811
0;4;300,0;0,8609396427528749;0,7538780307599616;5,498768808969455;3,9236115658674713;480,83977214355673;5,628310110874066;5,498768808969455;3,9236115658674713;480,83977214355673;5,628310110874066;2989,079843484644;5,475138121546961;14,373663762059811;2989,079843484644;5,475138121546961;14,373663762059811
0;4;400,0;0,8609396427528749;0,7538780307599616;5,498768808969455;3,9236115658674713;480,83977214355673;5,628310110874066;5,498768808969455;3,9236115658674713;480,83977214355673;5,628310110874066;2989,079843484644;5,475138121546961;14,373663762059811;2989,079843484644;5,475138121546961;14,373663762059811
0;4;500,0;0,8609396427528749;0,7538780307599616;5,498768808969455;3,9236115658674713;480,83977214355673;5,628310110874066;5,498768808969455;3,9236115658674713;480,83977214355673;5,628310110874066;2989,079843484644;5,475138121546961;14,373663762059811;2989,079843484644;5,475138121546961;14,373663762059811
0;4;600,0;0,8609396427528749;0,7538780307599616;5,498768808969455;3,9236115658674713;480,83977214355673;5,628310110874066;5,498768808969455;3,9236115658674713;480,83977214355673;5,628310110874066;2989,079843484644;5,475138121546961;14,373663762059811;2989,079843484644;5,475138121546961;14,373663762059811
0;4;700,0;0,8609396427528749;0,7538780307599616;5,498768808969455;3,9236115658674713;480,83977214355673;5,628310110874066;5,498768808969455;3,9236115658674713;480,83977214355673;5,628310110874066;2989,079843484644;5,475138121546961;14,373663762059811;2989,079843484644;5,475138121546961;14,373663762059811
0;4;800,0;0,8609396427528749;0,7538780307599616;5,498768808969455;3,9236115658674713;480,83977214355673;5,628310110874066;5,498768808969455;3,9236115658674713;480,83977214355673;5,628310110874066;2989,079843484644;5,475138121546961;14,373663762059811;2989,079843484644;5,475138121546961;14,373663762059811
0;4;900,0;0,8609396427528749;0,7538780307599616;5,498768808969455;3,9236115658674713;480,83977214355673;5,628310110874066;5,498768808969455;3,9236115658674713;480,83977214355673;5,628310110874066;2989,079843484644;5,475138121546961;14,373663762059811;2989,079843484644;5,475138121546961;14,373663762059811
0;4;1000,0;0,8609396427528749;0,7538780307599616;5,498768808969455;3,9236115658674713;480,83977214355673;5,628310110874066;5,498768808969455;3,9236115658674713;480,83977214355673;5,628310110874066;2989,079843484644;5,475138121546961;14,373663762059811;2989,079843484644;5,475138121546961;14,373663762059811
0;4;2000,0;0,8609396427528749;0,7538780307599616;5,498768808969455;3,9236115658674713;480,83977214355673;5,628310110874066;5,498768808969455;3,9236115658674713;480,83977214355673;5,628310110874066;2989,079843484644;5,475138121546961;14,373663762059811;2989,079843484644;5,475138121546961;14,373663762059811
0;4;3000,0;0,8609396427528749;0,7538780307599616;5,498768808969455;3,9236115658674713;480,83977214355673;5,628310110874066;5,498768808969455;3,9236115658674713;480,83977214355673;5,628310110874066;2989,079843484644;5,475138121546961;14,373663762059811;2989,079843484644;5,475138121546961;14,373663762059811
0;4;4000,0;0,8609396427528749;0,7538780307599616;5,498768808969455;3,9236115658674713;480,83977214355673;5,628310110874066;5,498768808969455;3,9236115658674713;480,83977214355673;5,628310110874066;2989,079843484644;5,475138121546961;14,373663762059811;2989,079843484644;5,475138121546961;14,373663762059811
0;4;5000,0;0,8609396427528749;0,7538780307599616;5,498768808969455;3,9236115658674713;480,83977214355673;5,628310110874066;5,498768808969455;3,9236115658674713;480,83977214355673;5,628310110874066;2989,079843484644;5,475138121546961;14,373663762059811;2989,079843484644;5,475138121546961;14,373663762059811
0;4;6000,0;0,8609396427528749;0,7538780307599616;5,498768808969455;3,9236115658674713;480,83977214355673;5,628310110874066;5,498768808969455;3,9236115658674713;480,83977214355673;5,628310110874066;2989,079843484644;5,475138121546961;14,373663762059811;2989,079843484644;5,475138121546961;14,373663762059811
0;4;7000,0;0,8609396427528749;0,7538780307599616;5,498768808969455;3,9236115658674713;480,83977214355673;5,628310110874066;5,498768808969455;3,9236115658674713;480,83977214355673;5,628310110874066;2989,079843484644;5,475138121546961;14,373663762059811;2989,079843484644;5,475138121546961;14,373663762059811
0;4;8000,0;0,8609396427528749;0,7538780307599616;5,498768808969455;3,9236115658674713;480,83977214355673;5,628310110874066;5,498768808969455;3,9236115658674713;480,83977214355673;5,628310110874066;2989,079843484644;5,475138121546961;14,373663762059811;2989,079843484644;5,475138121546961;14,373663762059811
0;4;9000,0;0,8609396427528749;0,7538780307599616;5,498768808969455;3,9236115658674713;480,83977214355673;5,628310110874066;5,498768808969455;3,9236115658674713;480,83977214355673;5,628310110874066;2989,079843484644;5,475138121546961;14,373663762059811;2989,079843484644;5,475138121546961;14,373663762059811
0;4;10000,0;0,8609396427528749;0,7538780307599616;5,498768808969455;3,9236115658674713;480,83977214355673;5,628310110874066;5,498768808969455;3,9236115658674713;480,83977214355673;5,628310110874066;2989,079843484644;5,475138121546961;14,373663762059811;2989,079843484644;5,475138121546961;14,373663762059811
0;4;20000,0;0,8609396427528749;0,7538780307599616;5,498768808969455;3,9236115658674713;480,83977214355673;5,628310110874066;5,498768808969455;3,9236115658674713;480,83977214355673;5,628310110874066;2989,079843484644;5,475138121546961;14,373663762059811;2989,079843484644;5,475138121546961;14,373663762059811
0;4;30000,0;0,8609396427528749;0,7538780307599616;5,498768808969455;3,9236115658674713;480,83977214355673;5,628310110874066;5,498768808969455;3,9236115658674713;480,83977214355673;5,628310110874066;2989,079843484644;5,475138121546961;14,373663762059811;2989,079843484644;5,475138121546961;14,373663762059811
0;4;40000,0;0,8609396427528749;0,7538780307599616;5,498768808969455;3,9236115658674713;480,83977214355673;5,628310110874066;5,498768808969455;3,9236115658674713;480,83977214355673;5,628310110874066;2989,079843484644;5,475138121546961;14,373663762059811;2989,079843484644;5,475138121546961;14,373663762059811
0;4;50000,0;0,8609396427528749;0,7538780307599616;5,498768808969455;3,9236115658674713;480,83977214355673;5,628310110874066;5,498768808969455;3,9236115658674713;480,83977214355673;5,628310110874066;2989,079843484644;5,475138121546961;14,373663762059811;2989,079843484644;5,475138121546961;14,373663762059811
0;4;60000,0;0,8609396427528749;0,7538780307599616;5,498768808969455;3,9236115658674713;480,83977214355673;5,628310110874066;5,498768808969455;3,9236115658674713;480,83977214355673;5,628310110874066;2989,079843484644;5,475138121546961;14,373663762059811;2989,079843484644;5,475138121546961;14,373663762059811
0;4;70000,0;0,8609396427528749;0,7538780307599616;5,498768808969455;3,9236115658674713;480,83977214355673;5,628310110874066;5,498768808969455;3,9236115658674713;480,83977214355673;5,628310110874066;2989,079843484644;5,475138121546961;14,373663762059811;2989,079843484644;5,475138121546961;14,373663762059811
0;4;80000,0;0,8609396427528749;0,7538780307599616;5,498768808969455;3,9236115658674713;480,83977214355673;5,628310110874066;5,498768808969455;3,9236115658674713;480,83977214355673;5,628310110874066;2989,079843484644;5,475138121546961;14,373663762059811;2989,079843484644;5,475138121546961;14,373663762059811
0;4;90000,0;0,8609396427528749;0,7538780307599616;5,498768808969455;3,9236115658674713;480,83977214355673;5,628310110874066;5,498768808969455;3,9236115658674713;480,83977214355673;5,628310110874066;2989,079843484644;5,475138121546961;14,373663762059811;2989,079843484644;5,475138121546961;14,373663762059811
0;4;100000,0;0,8609396427528749;0,7538780307599616;5,498768808969455;3,9236115658674713;480,83977214355673;5,628310110874066;5,498768808969455;3,9236115658674713;480,83977214355673;5,628310110874066;2989,079843484644;5,475138121546961;14,373663762059811;2989,079843484644;5,475138121546961;14,373663762059811
0;4;200000,0;0,8609396427528749;0,7538780307599616;5,498768808969455;3,9236115658674713;480,83977214355673;5,628310110874066;5,498768808969455;3,9236115658674713;480,83977214355673;5,628310110874066;2989,079843484644;5,475138121546961;14,373663762059811;2989,079843484644;5,475138121546961;14,373663762059811
0;4;300000,0;0,8609396427528749;0,7538780307599616;5,498768808969455;3,9236115658674713;480,83977214355673;5,628310110874066;5,498768808969455;3,9236115658674713;480,83977214355673;5,628310110874066;2989,079843484644;5,475138121546961;14,373663762059811;2989,079843484644;5,475138121546961;14,373663762059811
0;4;400000,0;0,8609396427528749;0,7538780307599616;5,498768808969455;3,9236115658674713;480,83977214355673;5,628310110874066;5,498768808969455;3,9236115658674713;480,83977214355673;5,628310110874066;2989,079843484644;5,475138121546961;14,373663762059811;2989,079843484644;5,475138121546961;14,373663762059811
0;4;500000,0;0,8609396427528749;0,7538780307599616;5,498768808969455;3,9236115658674713;480,83977214355673;5,628310110874066;5,498768808969455;3,9236115658674713;480,83977214355673;5,628310110874066;2989,079843484644;5,475138121546961;14,373663762059811;2989,079843484644;5,475138121546961;14,373663762059811
0;4;600000,0;0,8609396427528749;0,7538780307599616;5,498768808969455;3,9236115658674713;480,83977214355673;5,628310110874066;5,498768808969455;3,9236115658674713;480,83977214355673;5,628310110874066;2989,079843484644;5,475138121546961;14,373663762059811;2989,079843484644;5,475138121546961;14,373663762059811
0;4;700000,0;0,8609396427528749;0,7538780307599616;5,498768808969455;3,9236115658674713;480,83977214355673;5,628310110874066;5,498768808969455;3,9236115658674713;480,83977214355673;5,628310110874066;2989,079843484644;5,475138121546961;14,373663762059811;2989,079843484644;5,475138121546961;14,373663762059811
0;4;800000,0;0,8609396427528749;0,7538780307599616;5,498768808969455;3,9236115658674713;480,83977214355673;5,628310110874066;5,498768808969455;3,9236115658674713;480,83977214355673;5,628310110874066;2989,079843484644;5,475138121546961;14,373663762059811;2989,079843484644;5,475138121546961;14,373663762059811
0;4;900000,0;0,8609396427528749;0,7538780307599616;5,498768808969455;3,9236115658674713;480,83977214355673;5,628310110874066;5,498768808969455;3,9236115658674713;480,83977214355673;5,628310110874066;2989,079843484644;5,475138121546961;14,373663762059811;2989,079843484644;5,475138121546961;14,373663762059811
0;8;1e-06;0,8609396427528749;0,7538780307599616;5,335791944625058;3,788260823855378;482,6640826702987;4,701053130004642;8,455192475492755;1,976426896791974;413,9686634551976;3,9244923291647114;2962,9359181821173;5,30939226519337;11,372886240372935;3092,082081026711;6,149171270718232;14,3982426797576
0;8;2e-06;0,8609396427528749;0,7538780307599616;5,335791944625058;3,788260823855378;482,6640826702987;4,701053130004642;8,326774128444654;1,7709836248191948;417,9806282456704;3,968869708565388;2962,9359181821173;5,30939226519337;11,372886240372935;3085,111637214937;6,149171270718232;14,3982426797576
0;8;3e-06;0,8609396427528749;0,7538780307599616;5,335791944625058;3,788260823855378;482,6640826702987;4,701053130004642;8,141251182463966;1,4741776286821988;423,7757362631005;4,032970605457451;2962,9359181821173;5,30939226519337;11,372886240372935;3075,159472315859;6,149171270718232;14,3982426797576
0;8;4e-06;0,8609396427528749;0,7538780307599616;5,335791944625058;3,788260823855378;482,6640826702987;4,701053130004642;7,948085430490041;1,1651639922828243;429,8123064536506;4,099743737281037;2962,9359181821173;5,30939226519337;11,372886240372935;3064,937873466039;6,149171270718232;14,3982426797576
0;8;5e-06;0,8609396427528749;0,7538780307599616;5,335791944625058;3,788260823855378;482,6640826702987;4,701053130004642;7,642471023522466;0,676252861435561;439,361275708981;4,205368564207122;2962,9359181821173;5,30939226519337;11,372886240372935;3049,056522895911;6,149171270718232;14,3982426797576
0;8;6e-06;0,8609396427528749;0,7538780307599616;5,335791944625058;3,788260823855378;482,6640826702987;4,701053130004642;7,172542386256131;0,0755052446181814;454,0446184957759;4,367787537965187;2962,9359181821173;5,30939226519337;11,372886240372935;3025,295851833368;6,149171270718232;14,3982426797576
0;8;7e-06;0,8609396427528749;0,7538780307599616;5,335791944625058;3,788260823855378;482,6640826702987;4,701053130004642;6,199606102781646;1,6316988100718604;480,6137000074677;4,660046500556293;2962,9359181821173;5,30939226519337;11,372886240372935;2981,8295543809227;6,0220994475138125;14,24761296281316
0;8;8e-06;0,8609396427528749;0,7538780307599616;5,335791944625058;3,788260823855378;482,6640826702987;4,701053130004642;8,534930434780492;2,107615015676725;409,16406202773857;3,8703731182533607;2962,9359181821173;5,30939226519337;11,372886240372935;3098,8291174532733;6,071823204419889;14,327464642913018
0;8;9e-06;0,8609396427528749;0,7538780307599616;5,335791944625058;3,788260823855378;482,6640826702987;4,701053130004642;7,23308186379011;0,0245644481236517;450,0749260218546;4,323029581783647;2962,9359181821173;5,30939226519337;11,372886240372935;3030,245276537997;6,093922651933702;14,332862213337547
0;8;1e-05;0,8609396427528749;0,7538780307599616;5,335791944625058;3,788260823855378;482,6640826702987;4,701053130004642;11,43064444137012;6,739652353016574;316,7225564287784;2,847064311371624;2962,9359181821173;5,30939226519337;11,372886240372935;3281,552736419911;5,906077348066298;14,109085666425782
0;8;2e-05;0,8609396427528749;0,7538780307599616;5,335791944625058;3,788260823855378;482,6640826702987;4,701053130004642;9,731521025994017;4,016960370087737;374,4304165450628;3,487395030201073;2962,9359181821173;5,30939226519337;11,372886240372935;3164,83024657688;6,154696132596685;14,399201942280886
0;8;3,0000000000000004e-05;0,8609396427528749;0,7538780307599616;5,335791944625058;3,788260823855378;482,6640826702987;4,701053130004642;10,481518002080664;5,216919588719104;350,9858316257568;3,228061755531028;2962,9359181821173;5,30939226519337;11,372886240372935;3211,550776756991;6,154696132596685;14,399201942280886
0;8;4e-05;0,8609396427528749;0,7538780307599616;5,335791944625058;3,788260823855378;482,6640826702987;4,701053130004642;10,688820688091216;5,548579311870871;344,50465509449856;3,156369917628981;2962,9359181821173;5,30939226519337;11,372886240372935;3225,0156475374024;6,154696132596685;14,399201942280886
0;8;5e-05;0,8609396427528749;0,7538780307599616;5,335791944625058;3,788260823855378;482,6640826702987;4,701053130004642;10,224019821671291;4,845149089718035;449,3671990973995;4,361332351932702;2962,9359181821173;5,30939226519337;11,372886240372935;3129,716730429104;9,342541436464089;18,15145002807068
0;8;6,000000000000001e-05;0,8609396427528749;0,7538780307599616;5,335791944625058;3,788260823855378;482,6640826702987;4,701053130004642;10,277732476768756;4,930922379939716;447,1631588591813;4,336684228958508;2962,9359181821173;5,30939226519337;11,372886240372935;3133,1388150865773;9,337016574585636;18,149471477625102
0;8;7,000000000000001e-05;0,8609396427528749;0,7538780307599616;5,335791944625058;3,788260823855378;482,6640826702987;4,701053130004642;10,377812640786708;5,087281865158751;431,2926092469892;4,154150562906416;2962,9359181821173;5,30939226519337;11,372886240372935;3144,166659963876;8,988950276243093;17,725188869007546
0;8;8e-05;0,8609396427528749;0,7538780307599616;5,335791944625058;3,788260823855378;482,6640826702987;4,701053130004642;10,4010259127574;5,124352761524641;430,4029504973958;4,144228752502194;2962,9359181821173;5,30939226519337;11,372886240372935;3145,6511072076432;8,988950276243093;17,725188869007546
0;8;9e-05;0,8609396427528749;0,7538780307599616;5,335791944625058;3,788260823855378;482,6640826702987;4,701053130004642;10,419004347482607;5,153057440961305;429,71036385127553;4,136503153761783;2962,9359181821173;5,30939226519337;11,372886240372935;3146,8044667938057;8,988950276243093;17,725188869007546
0;8;0,0001;0,8609396427528749;0,7538780307599616;5,335791944625058;3,788260823855378;482,6640826702987;4,701053130004642;10,431808699523977;5,173482562987079;429,2052136755112;4,130862987689314;2962,9359181821173;5,30939226519337;11,372886240372935;3147,6323003011103;8,988950276243093;17,725188869007546
0;8;0,0002;0,8609396427528749;0,7538780307599616;5,335791944625058;3,788260823855378;482,6640826702987;4,701053130004642;10,56875037645621;5,390053904903276;417,1638890665352;3,9935286804581978;2962,9359181821173;5,30939226519337;11,372886240372935;3159,697423297389;8,784530386740332;17,476424530339177
0;8;0,0003;0,8609396427528749;0,7538780307599616;5,335791944625058;3,788260823855378;482,6640826702987;4,701053130004642;8,475414850962148;2,0007104991261717;405,6701585461939;3,829525634079433;2962,9359181821173;5,30939226519337;11,372886240372935;3101,2277497280315;5,845303867403315;14,059856258548653
0;8;0,0004;0,8609396427528749;0,7538780307599616;5,335791944625058;3,788260823855378;482,6640826702987;4,701053130004642;5,482574698627165;2,802323765172023;484,8048215210824;4,698889564391121;2962,9359181821173;5,30939226519337;11,372886240372935;2965,562714113912;5,430939226519337;13,574228099906357
0;8;0,0005;0,8609396427528749;0,7538780307599616;5,335791944625058;3,788260823855378;482,6640826702987;4,701053130004642;5,489953916790547;2,795041140514396;479,22105026104464;4,6349573323499325;2962,9359181821173;5,30939226519337;11,372886240372935;2971,1843356646277;5,259668508287293;13,375164583073712
0;8;0,0006;0,8609396427528749;0,7538780307599616;5,335791944625058;3,788260823855378;482,6640826702987;4,701053130004642;5,494850352037492;2,787199294772055;479,0768603903552;4,633366001130348;2962,9359181821173;5,30939226519337;11,372886240372935;2971,4021531595927;5,259668508287293;13,375164583073712
0;8;0,0007;0,8609396427528749;0,7538780307599616;5,335791944625058;3,788260823855378;482,6640826702987;4,701053130004642;5,505584320221356;2,7715692365923807;476,9643905898188;4,609287118466279;2962,9359181821173;5,30939226519337;11,372886240372935;2973,696312356281;5,193370165745856;13,335451028879616
0;8;0,0008;0,8609396427528749;0,7538780307599616;5,335791944625058;3,788260823855378;482,6640826702987;4,701053130004642;5,509759590999479;2,7673187425995884;474,1011057492882;4,576527325986073;2962,9359181821173;5,30939226519337;11,372886240372935;2976,6955731612497;5,088397790055248;13,203674358851238
0;8;0,0009;0,8609396427528749;0,7538780307599616;5,335791944625058;3,788260823855378;482,6640826702987;4,701053130004642;5,511890039214471;2,763906310360472;474,0389610646186;4,575841726050457;2962,9359181821173;5,30939226519337;11,372886240372935;2976,790449718544;5,088397790055248;13,203674358851238
0;8;0,001;0,8609396427528749;0,7538780307599616;5,335791944625058;3,788260823855378;482,6640826702987;4,701053130004642;5,513460927150572;2,76139014897424;473,9931392008112;4,575336204925372;2962,9359181821173;5,30939226519337;11,372886240372935;2976,8604143984494;5,088397790055248;13,203674358851238
0;8;0,002;0,8609396427528749;0,7538780307599616;5,335791944625058;3,788260823855378;482,6640826702987;4,701053130004642;5,532681619797149;2,732723015953095;471,0895473948473;4,542309072682468;2962,9359181821173;5,30939226519337;11,372886240372935;2980,165326063614;4,994475138121547;13,110242295193252
0;8;0,003;0,8609396427528749;0,7538780307599616;5,335791944625058;3,788260823855378;482,6640826702987;4,701053130004642;5,537267670849467;2,726389043447188;469,85890345969136;4,528269263147915;2962,9359181821173;5,30939226519337;11,372886240372935;2981,5298569654287;4,966850828729282;13,06697579218662
0;8;0,004;0,8609396427528749;0,7538780307599616;5,335791944625058;3,788260823855378;482,6640826702987;4,701053130004642;5,538567279888081;2,7243071316409058;469,8212505482081;4,527853973048149;2962,9359181821173;5,30939226519337;11,372886240372935;2981,587847410358;4,966850828729282;13,06697579218662
0;8;0,005;0,8609396427528749;0,7538780307599616;5,335791944625058;3,788260823855378;482,6640826702987;4,701053130004642;5,570254838295991;2,673555907438363;468,8603085270914;4,517237121961215;2962,9359181821173;5,30939226519337;11,372886240372935;2983,048815245744;4,966850828729282;13,06697579218662
0;8;0,006;0,8609396427528749;0,7538780307599616;5,335791944625058;3,788260823855378;482,6640826702987;4,701053130004642;5,570828124171438;2,6726375026306464;468,843672951313;4,517053630231781;2962,9359181821173;5,30939226519337;11,372886240372935;2983,0744768714435;4,966850828729282;13,06697579218662
0;8;0,007;0,8609396427528749;0,7538780307599616;5,335791944625058;3,788260823855378;482,6640826702987;4,701053130004642;5,573223119827784;2,668800221219712;468,77288140914817;4,516272243460669;2962,9359181821173;5,30939226519337;11,372886240372935;2983,183068958313;4,966850828729282;13,06697579218662
0;8;0,008;0,8609396427528749;0,7538780307599616;5,335791944625058;3,788260823855378;482,6640826702987;4,701053130004642;5,574312030203213;2,667055533311298;468,7408452261343;4,515918695636287;2962,9359181821173;5,30939226519337;11,372886240372935;2983,2322872501463;4,966850828729282;13,06697579218662
0;8;0,009;0,8609396427528749;0,7538780307599616;5,335791944625058;3,788260823855378;482,6640826702987;4,701053130004642;5,574478433381685;2,6667890027273806;468,7360242492381;4,5158655229964095;2962,9359181821173;5,30939226519337;11,372886240372935;2983,2397294917587;4,966850828729282;13,06697579218662
0;8;0,01;0,8609396427528749;0,7538780307599616;5,335791944625058;3,788260823855378;482,6640826702987;4,701053130004642;5,574662755968699;2,6664936880194325;468,7306697050725;4,5158064595473855;2962,9359181821173;5,30939226519337;11,372886240372935;2983,247988511399;4,966850828729282;13,06697579218662
0;8;0,02;0,8609396427528749;0,7538780307599616;5,335791944625058;3,788260823855378;482,6640826702987;4,701053130004642;5,575368877994407;2,665362642307471;468,7101795799518;4,515580451398421;2962,9359181821173;5,30939226519337;11,372886240372935;2983,2796050635643;4,966850828729282;13,06697579218662
0;8;0,03;0,8609396427528749;0,7538780307599616;5,335791944625058;3,788260823855378;482,6640826702987;4,701053130004642;5,49841530037477;2,788698340929855;470,945275805235;4,540234443468242;2962,9359181821173;5,30939226519337;11,372886240372935;2979,8399828170072;4,966850828729282;13,06697579218662
0;8;0,04;0,8609396427528749;0,7538780307599616;5,335791944625058;3,788260823855378;482,6640826702987;4,701053130004642;5,02764587542648;3,575118405324055;484,9309450771609;4,695633184176073;2962,9359181821173;5,30939226519337;11,372886240372935;2958,4790256551823;4,972375690607735;13,003187029654567
0;8;0,05;0,8609396427528749;0,7538780307599616;5,335791944625058;3,788260823855378;482,6640826702987;4,701053130004642;5,059198816894135;3,597177779074773;484,73366118005976;4,696082347200703;2962,9359181821173;5,30939226519337;11,372886240372935;2958,3739341272485;5,011049723756906;12,88902912647824
0;8;0,06;0,8609396427528749;0,7538780307599616;5,335791944625058;3,788260823855378;482,6640826702987;4,701053130004642;5,082391891418091;3,613371313057183;484,5854804416949;4,696421909278036;2962,9359181821173;5,30939226519337;11,372886240372935;2958,352230562421;5,038674033149171;12,795890224202232
0;8;0,07;0,8609396427528749;0,7538780307599616;5,335791944625058;3,788260823855378;482,6640826702987;4,701053130004642;5,103130557745313;3,6278116658135886;484,4505360198385;4,696732922298342;2962,9359181821173;5,30939226519337;11,372886240372935;2958,3760043686016;5,071823204419889;12,698370713777829
0;8;0,08;0,8609396427528749;0,7538780307599616;5,335791944625058;3,788260823855378;482,6640826702987;4,701053130004642;5,118018916001315;3,638169164655896;484,3520723594405;4,696960931823875;2962,9359181821173;5,30939226519337;11,372886240372935;2958,4198037889814;5,099447513812155;12,642338758385172
0;8;0,09;0,8609396427528749;0,7538780307599616;5,335791944625058;3,788260823855378;482,6640826702987;4,701053130004642;5,13450488942313;3,649646754490039;484,2413199730424;4,6972184764656415;2962,9359181821173;5,30939226519337;11,372886240372935;2958,4959776058868;5,099447513812155;12,570464374303574
0;8;0,1;0,8609396427528749;0,7538780307599616;5,335791944625058;3,788260823855378;482,6640826702987;4,701053130004642;5,148106635863833;3,659112596462972;484,14851381038056;4,697435229614365;2962,9359181821173;5,30939226519337;11,372886240372935;2958,582075580479;5,104972375690608;12,48114600206495
0;8;0,2;0,8609396427528749;0,7538780307599616;5,335791944625058;3,788260823855378;482,6640826702987;4,701053130004642;5,230958420965507;3,716555997070717;483,549590768994;4,698857233489506;2962,9359181821173;5,30939226519337;11,372886240372935;2959,643372561424;5,18232044198895;12,048245556697257
0;8;0,3;0,8609396427528749;0,7538780307599616;5,335791944625058;3,788260823855378;482,6640826702987;4,701053130004642;5,271484954691122;3,744606150098445;483,2287233985422;4,699637681493877;2962,9359181821173;5,30939226519337;11,372886240372935;2960,5880582463465;5,209944751381215;11,799194653667602
0;8;0,4;0,8609396427528749;0,7538780307599616;5,335791944625058;3,788260823855378;482,6640826702987;4,701053130004642;5,296179144851184;3,7616874667143776;483,0207697903356;4,700151643676251;2962,9359181821173;5,30939226519337;11,372886240372935;2961,348118230019;5,254143646408839;11,663088112047866
0;8;0,5;0,8609396427528749;0,7538780307599616;5,335791944625058;3,788260823855378;482,6640826702987;4,701053130004642;5,308858389599752;3,7706046279987895;482,9089216755288;4,700430625482524;2962,9359181821173;5,30939226519337;11,372886240372935;2961,8058985011944;5,254143646408839;11,53112530626258
0;8;0,6000000000000001;0,8609396427528749;0,7538780307599616;5,335791944625058;3,788260823855378;482,6640826702987;4,701053130004642;5,318172966611336;3,777150784989765;482,8245413917448;4,7006425740790325;2962,9359181821173;5,30939226519337;11,372886240372935;2962,174793698091;5,265193370165746;11,487442098520054
0;8;0,7000000000000001;0,8609396427528749;0,7538780307599616;5,335791944625058;3,788260823855378;482,6640826702987;4,701053130004642;5,3231282758817855;3,78063290173208;482,77881895574353;4,700757972806913;2962,9359181821173;5,30939226519337;11,372886240372935;2962,383246536116;5,270718232044199;11,451072955107938
0;8;0,8;0,8609396427528749;0,7538780307599616;5,335791944625058;3,788260823855378;482,6640826702987;4,701053130004642;5,326910695770938;3,78329869601064;482,743472670017;4,700847437983697;2962,9359181821173;5,30939226519337;11,372886240372935;2962,548510197747;5,270718232044199;11,39205887997696
0;8;0,9;0,8609396427528749;0,7538780307599616;5,335791944625058;3,788260823855378;482,6640826702987;4,701053130004642;5,329728209952137;3,785283764493308;482,7169054988253;4,700914844979335;2962,9359181821173;5,30939226519337;11,372886240372935;2962,6751320194526;5,287292817679558;11,367541267800092
0;8;1,0;0,8609396427528749;0,7538780307599616;5,335791944625058;3,788260823855378;482,6640826702987;4,701053130004642;5,33093748046689;3,786132131662601;482,70545395963376;4,700943952588027;2962,9359181821173;5,30939226519337;11,372886240372935;2962,730367201501;5,292817679558011;11,368756254952888
0;8;2,0;0,8609396427528749;0,7538780307599616;5,335791944625058;3,788260823855378;482,6640826702987;4,701053130004642;5,334575912536106;3,788702132045202;482,670682201707;4,701032452261322;2962,9359181821173;5,30939226519337;11,372886240372935;2962,9003715290733;5,303867403314917;11,371671694481504
0;8;3,0;0,8609396427528749;0,7538780307599616;5,335791944625058;3,788260823855378;482,6640826702987;4,701053130004642;5,334614415488005;3,788728544558904;482,6703152299887;4,701033390130911;2962,9359181821173;5,30939226519337;11,372886240372935;2962,902185034762;5,303867403314917;11,371671694481504
0;8;4,0;0,8609396427528749;0,7538780307599616;5,335791944625058;3,788260823855378;482,6640826702987;4,701053130004642;5,334614755474863;3,7887278761916967;482,670315422322;4,7010333927658206;2962,9359181821173;5,30939226519337;11,372886240372935;2962,902183359216;5,303867403314917;11,371671694481504
0;8;5,0;0,8609396427528749;0,7538780307599616;5,335791944625058;3,788260823855378;482,6640826702987;4,701053130004642;5,334617206911325;3,7887236919618665;482,67031447830624;4,701033415137489;2962,9359181821173;5,30939226519337;11,372886240372935;2962,9021857293087;5,303867403314917;11,371671694481504
0;8;6,0;0,8609396427528749;0,7538780307599616;5,335791944625058;3,788260823855378;482,6640826702987;4,701053130004642;5,334708931502135;3,78857340781536;482,6702803334827;4,701034110172074;2962,9359181821173;5,30939226519337;11,372886240372935;2962,9030168643826;5,303867403314917;11,371671694481504
0;8;7,0;0,8609396427528749;0,7538780307599616;5,335791944625058;3,788260823855378;482,6640826702987;4,701053130004642;5,334953857218824;3,78817774245676;482,6701728524998;4,701035964393559;2962,9359181821173;5,30939226519337;11,372886240372935;2962,90547247755;5,303867403314917;11,371671694481504
0;8;8,0;0,8609396427528749;0,7538780307599616;5,335791944625058;3,788260823855378;482,6640826702987;4,701053130004642;5,335141712924724;3,7878750389602582;482,6700865780931;4,70103739764224;2962,9359181821173;5,30939226519337;11,372886240372935;2962,907350658637;5,303867403314917;11,371671694481504
0;8;9,0;0,8609396427528749;0,7538780307599616;5,335791944625058;3,788260823855378;482,6640826702987;4,701053130004642;5,335141793175666;3,787874936183439;482,6700864402475;4,701037398411565;2962,9359181821173;5,30939226519337;11,372886240372935;2962,90735203906;5,303867403314917;11,371671694481504
0;8;10,0;0,8609396427528749;0,7538780307599616;5,335791944625058;3,788260823855378;482,6640826702987;4,701053130004642;5,335754693559291;3,788319134340611;482,66414797948624;4,70105250432258;2962,9359181821173;5,30939226519337;11,372886240372935;2962,936724786797;5,30939226519337;11,372886240372935
0;8;20,0;0,8609396427528749;0,7538780307599616;5,335791944625058;3,788260823855378;482,6640826702987;4,701053130004642;21,751147313804367;23,236382811454;0,5573427485750206;0,6595947888635486;2962,9359181821173;5,30939226519337;11,372886240372935;13266,092969935977;20,75138121546961;33,601006299058845
0;8;30,0;0,8609396427528749;0,7538780307599616;5,335791944625058;3,788260823855378;482,6640826702987;4,701053130004642;5,335768252738802;3,7882974610477222;482,6641389222501;4,701052627051246;2962,9359181821173;5,30939226519337;11,372886240372935;2962,9367943764487;5,30939226519337;11,372886240372935
0;8;40,0;0,8609396427528749;0,7538780307599616;5,335791944625058;3,788260823855378;482,6640826702987;4,701053130004642;5,335770906512863;3,78829325414894;482,6641365699208;4,701052654905616;2962,9359181821173;5,30939226519337;11,372886240372935;2962,9367952351745;5,30939226519337;11,372886240372935
0;8;50,0;0,8609396427528749;0,7538780307599616;5,335791944625058;3,788260823855378;482,6640826702987;4,701053130004642;5,335776426020441;3,7882844974128673;482,664129587234;4,7010527295862925;2962,9359181821173;5,30939226519337;11,372886240372935;2962,9367353271223;5,30939226519337;11,372886240372935
0;8;60,0;0,8609396427528749;0,7538780307599616;5,335791944625058;3,788260823855378;482,6640826702987;4,701053130004642;5,335782798895096;3,788274572074915;482,6641170288112;4,701052846874887;2962,9359181821173;5,30939226519337;11,372886240372935;2962,9365606539423;5,30939226519337;11,372886240372935
0;8;70,0;0,8609396427528749;0,7538780307599616;5,335791944625058;3,788260823855378;482,6640826702987;4,701053130004642;5,335788328564622;3,7882661946701184;482,664099446048;4,701052995149582;2962,9359181821173;5,30939226519337;11,372886240372935;2962,936251112721;5,30939226519337;11,372886240372935
0;8;80,0;0,8609396427528749;0,7538780307599616;5,335791944625058;3,788260823855378;482,6640826702987;4,701053130004642;5,335791944625058;3,788260823855378;482,6640826702987;4,701053130004642;2962,9359181821173;5,30939226519337;11,372886240372935;2962,9359181821173;5,30939226519337;11,372886240372935
0;8;90,0;0,8609396427528749;0,7538780307599616;5,335791944625058;3,788260823855378;482,6640826702987;4,701053130004642;5,335791944625058;3,788260823855378;482,6640826702987;4,701053130004642;2962,9359181821173;5,30939226519337;11,372886240372935;2962,9359181821173;5,30939226519337;11,372886240372935
0;8;100,0;0,8609396427528749;0,7538780307599616;5,335791944625058;3,788260823855378;482,6640826702987;4,701053130004642;5,335791944625058;3,788260823855378;482,6640826702987;4,701053130004642;2962,9359181821173;5,30939226519337;11,372886240372935;2962,9359181821173;5,30939226519337;11,372886240372935
0;8;200,0;0,8609396427528749;0,7538780307599616;5,335791944625058;3,788260823855378;482,6640826702987;4,701053130004642;5,335791944625058;3,788260823855378;482,6640826702987;4,701053130004642;2962,9359181821173;5,30939226519337;11,372886240372935;2962,9359181821173;5,30939226519337;11,372886240372935
0;8;300,0;0,8609396427528749;0,7538780307599616;5,335791944625058;3,788260823855378;482,6640826702987;4,701053130004642;5,335791944625058;3,788260823855378;482,6640826702987;4,701053130004642;2962,9359181821173;5,30939226519337;11,372886240372935;2962,9359181821173;5,30939226519337;11,372886240372935
0;8;400,0;0,8609396427528749;0,7538780307599616;5,335791944625058;3,788260823855378;482,6640826702987;4,701053130004642;5,335791944625058;3,788260823855378;482,6640826702987;4,701053130004642;2962,9359181821173;5,30939226519337;11,372886240372935;2962,9359181821173;5,30939226519337;11,372886240372935
0;8;500,0;0,8609396427528749;0,7538780307599616;5,335791944625058;3,788260823855378;482,6640826702987;4,701053130004642;5,335791944625058;3,788260823855378;482,6640826702987;4,701053130004642;2962,9359181821173;5,30939226519337;11,372886240372935;2962,9359181821173;5,30939226519337;11,372886240372935
0;8;600,0;0,8609396427528749;0,7538780307599616;5,335791944625058;3,788260823855378;482,6640826702987;4,701053130004642;5,335791944625058;3,788260823855378;482,6640826702987;4,701053130004642;2962,9359181821173;5,30939226519337;11,372886240372935;2962,9359181821173;5,30939226519337;11,372886240372935
0;8;700,0;0,8609396427528749;0,7538780307599616;5,335791944625058;3,788260823855378;482,6640826702987;4,701053130004642;5,335791944625058;3,788260823855378;482,6640826702987;4,701053130004642;2962,9359181821173;5,30939226519337;11,372886240372935;2962,9359181821173;5,30939226519337;11,372886240372935
0;8;800,0;0,8609396427528749;0,7538780307599616;5,335791944625058;3,788260823855378;482,6640826702987;4,701053130004642;5,335791944625058;3,788260823855378;482,6640826702987;4,701053130004642;2962,9359181821173;5,30939226519337;11,372886240372935;2962,9359181821173;5,30939226519337;11,372886240372935
0;8;900,0;0,8609396427528749;0,7538780307599616;5,335791944625058;3,788260823855378;482,6640826702987;4,701053130004642;5,335791944625058;3,788260823855378;482,6640826702987;4,701053130004642;2962,9359181821173;5,30939226519337;11,372886240372935;2962,9359181821173;5,30939226519337;11,372886240372935
0;8;1000,0;0,8609396427528749;0,7538780307599616;5,335791944625058;3,788260823855378;482,6640826702987;4,701053130004642;5,335791944625058;3,788260823855378;482,6640826702987;4,701053130004642;2962,9359181821173;5,30939226519337;11,372886240372935;2962,9359181821173;5,30939226519337;11,372886240372935
0;8;2000,0;0,8609396427528749;0,7538780307599616;5,335791944625058;3,788260823855378;482,6640826702987;4,701053130004642;5,335791944625058;3,788260823855378;482,6640826702987;4,701053130004642;2962,9359181821173;5,30939226519337;11,372886240372935;2962,9359181821173;5,30939226519337;11,372886240372935
0;8;3000,0;0,8609396427528749;0,7538780307599616;5,335791944625058;3,788260823855378;482,6640826702987;4,701053130004642;5,335791944625058;3,788260823855378;482,6640826702987;4,701053130004642;2962,9359181821173;5,30939226519337;11,372886240372935;2962,9359181821173;5,30939226519337;11,372886240372935
0;8;4000,0;0,8609396427528749;0,7538780307599616;5,335791944625058;3,788260823855378;482,6640826702987;4,701053130004642;5,335791944625058;3,788260823855378;482,6640826702987;4,701053130004642;2962,9359181821173;5,30939226519337;11,372886240372935;2962,9359181821173;5,30939226519337;11,372886240372935
0;8;5000,0;0,8609396427528749;0,7538780307599616;5,335791944625058;3,788260823855378;482,6640826702987;4,701053130004642;5,335791944625058;3,788260823855378;482,6640826702987;4,701053130004642;2962,9359181821173;5,30939226519337;11,372886240372935;2962,9359181821173;5,30939226519337;11,372886240372935
0;8;6000,0;0,8609396427528749;0,7538780307599616;5,335791944625058;3,788260823855378;482,6640826702987;4,701053130004642;5,335791944625058;3,788260823855378;482,6640826702987;4,701053130004642;2962,9359181821173;5,30939226519337;11,372886240372935;2962,9359181821173;5,30939226519337;11,372886240372935
0;8;7000,0;0,8609396427528749;0,7538780307599616;5,335791944625058;3,788260823855378;482,6640826702987;4,701053130004642;5,335791944625058;3,788260823855378;482,6640826702987;4,701053130004642;2962,9359181821173;5,30939226519337;11,372886240372935;2962,9359181821173;5,30939226519337;11,372886240372935
0;8;8000,0;0,8609396427528749;0,7538780307599616;5,335791944625058;3,788260823855378;482,6640826702987;4,701053130004642;5,335791944625058;3,788260823855378;482,6640826702987;4,701053130004642;2962,9359181821173;5,30939226519337;11,372886240372935;2962,9359181821173;5,30939226519337;11,372886240372935
0;8;9000,0;0,8609396427528749;0,7538780307599616;5,335791944625058;3,788260823855378;482,6640826702987;4,701053130004642;5,335791944625058;3,788260823855378;482,6640826702987;4,701053130004642;2962,9359181821173;5,30939226519337;11,372886240372935;2962,9359181821173;5,30939226519337;11,372886240372935
0;8;10000,0;0,8609396427528749;0,7538780307599616;5,335791944625058;3,788260823855378;482,6640826702987;4,701053130004642;5,335791944625058;3,788260823855378;482,6640826702987;4,701053130004642;2962,9359181821173;5,30939226519337;11,372886240372935;2962,9359181821173;5,30939226519337;11,372886240372935
0;8;20000,0;0,8609396427528749;0,7538780307599616;5,335791944625058;3,788260823855378;482,6640826702987;4,701053130004642;5,335791944625058;3,788260823855378;482,6640826702987;4,701053130004642;2962,9359181821173;5,30939226519337;11,372886240372935;2962,9359181821173;5,30939226519337;11,372886240372935
0;8;30000,0;0,8609396427528749;0,7538780307599616;5,335791944625058;3,788260823855378;482,6640826702987;4,701053130004642;5,335791944625058;3,788260823855378;482,6640826702987;4,701053130004642;2962,9359181821173;5,30939226519337;11,372886240372935;2962,9359181821173;5,30939226519337;11,372886240372935
0;8;40000,0;0,8609396427528749;0,7538780307599616;5,335791944625058;3,788260823855378;482,6640826702987;4,701053130004642;5,335791944625058;3,788260823855378;482,6640826702987;4,701053130004642;2962,9359181821173;5,30939226519337;11,372886240372935;2962,9359181821173;5,30939226519337;11,372886240372935
0;8;50000,0;0,8609396427528749;0,7538780307599616;5,335791944625058;3,788260823855378;482,6640826702987;4,701053130004642;5,335791944625058;3,788260823855378;482,6640826702987;4,701053130004642;2962,9359181821173;5,30939226519337;11,372886240372935;2962,9359181821173;5,30939226519337;11,372886240372935
0;8;60000,0;0,8609396427528749;0,7538780307599616;5,335791944625058;3,788260823855378;482,6640826702987;4,701053130004642;5,335791944625058;3,788260823855378;482,6640826702987;4,701053130004642;2962,9359181821173;5,30939226519337;11,372886240372935;2962,9359181821173;5,30939226519337;11,372886240372935
0;8;70000,0;0,8609396427528749;0,7538780307599616;5,335791944625058;3,788260823855378;482,6640826702987;4,701053130004642;5,335791944625058;3,788260823855378;482,6640826702987;4,701053130004642;2962,9359181821173;5,30939226519337;11,372886240372935;2962,9359181821173;5,30939226519337;11,372886240372935
0;8;80000,0;0,8609396427528749;0,7538780307599616;5,335791944625058;3,788260823855378;482,6640826702987;4,701053130004642;5,335791944625058;3,788260823855378;482,6640826702987;4,701053130004642;2962,9359181821173;5,30939226519337;11,372886240372935;2962,9359181821173;5,30939226519337;11,372886240372935
0;8;90000,0;0,8609396427528749;0,7538780307599616;5,335791944625058;3,788260823855378;482,6640826702987;4,701053130004642;5,335791944625058;3,788260823855378;482,6640826702987;4,701053130004642;2962,9359181821173;5,30939226519337;11,372886240372935;2962,9359181821173;5,30939226519337;11,372886240372935
0;8;100000,0;0,8609396427528749;0,7538780307599616;5,335791944625058;3,788260823855378;482,6640826702987;4,701053130004642;5,335791944625058;3,788260823855378;482,6640826702987;4,701053130004642;2962,9359181821173;5,30939226519337;11,372886240372935;2962,9359181821173;5,30939226519337;11,372886240372935
0;8;200000,0;0,8609396427528749;0,7538780307599616;5,335791944625058;3,788260823855378;482,6640826702987;4,701053130004642;5,335791944625058;3,788260823855378;482,6640826702987;4,701053130004642;2962,9359181821173;5,30939226519337;11,372886240372935;2962,9359181821173;5,30939226519337;11,372886240372935
0;8;300000,0;0,8609396427528749;0,7538780307599616;5,335791944625058;3,788260823855378;482,6640826702987;4,701053130004642;5,335791944625058;3,788260823855378;482,6640826702987;4,701053130004642;2962,9359181821173;5,30939226519337;11,372886240372935;2962,9359181821173;5,30939226519337;11,372886240372935
0;8;400000,0;0,8609396427528749;0,7538780307599616;5,335791944625058;3,788260823855378;482,6640826702987;4,701053130004642;5,335791944625058;3,788260823855378;482,6640826702987;4,701053130004642;2962,9359181821173;5,30939226519337;11,372886240372935;2962,9359181821173;5,30939226519337;11,372886240372935
0;8;500000,0;0,8609396427528749;0,7538780307599616;5,335791944625058;3,788260823855378;482,6640826702987;4,701053130004642;5,335791944625058;3,788260823855378;482,6640826702987;4,701053130004642;2962,9359181821173;5,30939226519337;11,372886240372935;2962,9359181821173;5,30939226519337;11,372886240372935
0;8;600000,0;0,8609396427528749;0,7538780307599616;5,335791944625058;3,788260823855378;482,6640826702987;4,701053130004642;5,335791944625058;3,788260823855378;482,6640826702987;4,701053130004642;2962,9359181821173;5,30939226519337;11,372886240372935;2962,9359181821173;5,30939226519337;11,372886240372935
0;8;700000,0;0,8609396427528749;0,7538780307599616;5,335791944625058;3,788260823855378;482,6640826702987;4,701053130004642;5,335791944625058;3,788260823855378;482,6640826702987;4,701053130004642;2962,9359181821173;5,30939226519337;11,372886240372935;2962,9359181821173;5,30939226519337;11,372886240372935
0;8;800000,0;0,8609396427528749;0,7538780307599616;5,335791944625058;3,788260823855378;482,6640826702987;4,701053130004642;5,335791944625058;3,788260823855378;482,6640826702987;4,701053130004642;2962,9359181821173;5,30939226519337;11,372886240372935;2962,9359181821173;5,30939226519337;11,372886240372935
0;8;900000,0;0,8609396427528749;0,7538780307599616;5,335791944625058;3,788260823855378;482,6640826702987;4,701053130004642;5,335791944625058;3,788260823855378;482,6640826702987;4,701053130004642;2962,9359181821173;5,30939226519337;11,372886240372935;2962,9359181821173;5,30939226519337;11,372886240372935
