species,TreeID,census,e,S_t,n,N_t,E_t,dn,de,dS,dN,dE
316,45520,1,1.0,55,6,159,45818.241388888884,0.0,0.0,-1.0,-3.0,-23314.871666666662
316,45520,2,1.0,54,6,156,22503.36972222222,-1.0,0.6900000000000002,5.0,-6.0,46284.53369444444
316,45521,1,1.0,55,6,159,45818.241388888884,0.0,0.0,-1.0,-3.0,-23314.871666666662
316,45560,1,9.0,55,6,159,45818.241388888884,0.0,7.0,-1.0,-3.0,-23314.871666666662
316,45560,2,16.0,54,6,156,22503.36972222222,-1.0,9.0,5.0,-6.0,46284.53369444444
316,45560,3,25.0,59,5,150,68787.90341666667,-2.0,1.009999999999998,-3.0,-9.0,-57609.4861
316,45560,4,26.009999999999998,56,3,141,11178.417316666668,1.0,-1.009999999999998,-2.0,-7.0,13914.625304875282
316,45560,5,25.0,54,4,134,25093.04262154195,0.0,5.25,-3.0,-18.0,1911.2550532879832
316,45560,6,30.25,51,4,116,27004.297674829933,0.0,0.0,-2.0,-6.0,1044.1554501700703
316,45560,7,30.25,49,4,110,28048.453125000004,1.0,-1.0899999999999963,5.0,8.0,4033.6315326530603
316,45563,1,1.0,55,6,159,45818.241388888884,0.0,0.0,-1.0,-3.0,-23314.871666666662
316,45563,2,1.0,54,6,156,22503.36972222222,-1.0,6.290000000000001,5.0,-6.0,46284.53369444444
316,45563,3,7.290000000000001,59,5,150,68787.90341666667,-2.0,1.1199999999999992,-3.0,-9.0,-57609.4861
316,45563,4,8.41,56,3,141,11178.417316666668,1.0,1.200000000000001,-2.0,-7.0,13914.625304875282
316,45563,5,9.610000000000001,54,4,134,25093.04262154195,0.0,0.6300000000000008,-3.0,-18.0,1911.2550532879832
316,45563,6,10.240000000000002,51,4,116,27004.297674829933,0.0,1.3199999999999967,-2.0,-6.0,1044.1554501700703
316,45563,7,11.559999999999999,49,4,110,28048.453125000004,1.0,0.6900000000000013,5.0,8.0,4033.6315326530603
316,45629,1,1.0,55,6,159,45818.241388888884,0.0,1.25,-1.0,-3.0,-23314.871666666662
316,45629,2,2.25,54,6,156,22503.36972222222,-1.0,5.589999999999999,5.0,-6.0,46284.53369444444
316,45629,3,7.839999999999999,59,5,150,68787.90341666667,-2.0,1.160000000000001,-3.0,-9.0,-57609.4861
316,45629,4,9.0,56,3,141,11178.417316666668,1.0,1.240000000000002,-2.0,-7.0,13914.625304875282
316,45629,5,10.240000000000002,54,4,134,25093.04262154195,0.0,1.3199999999999967,-3.0,-18.0,1911.2550532879832
316,45629,6,11.559999999999999,51,4,116,27004.297674829933,0.0,4.440000000000001,-2.0,-6.0,1044.1554501700703
316,45629,7,16.0,49,4,110,28048.453125000004,1.0,2.4899999999999984,5.0,8.0,4033.6315326530603
316,261796,2,1.0,54,6,156,22503.36972222222,-1.0,2.61,5.0,-6.0,46284.53369444444
316,363592,6,1.44,51,4,116,27004.297674829933,0.0,0.0,-2.0,-6.0,1044.1554501700703
316,363592,7,1.44,49,4,110,28048.453125000004,1.0,1.4499999999999997,5.0,8.0,4033.6315326530603
1057,45522,1,4.0,55,2,159,45818.241388888884,0.0,0.0,-1.0,-3.0,-23314.871666666662
1057,45522,2,4.0,54,2,156,22503.36972222222,0.0,1.2899999999999991,5.0,-6.0,46284.53369444444
1057,45522,3,5.289999999999999,59,2,150,68787.90341666667,0.0,4.320000000000002,-3.0,-9.0,-57609.4861
1057,45522,4,9.610000000000001,56,2,141,11178.417316666668,0.0,0.0,-2.0,-7.0,13914.625304875282
1057,45640,1,1.0,55,2,159,45818.241388888884,0.0,0.0,-1.0,-3.0,-23314.871666666662
1057,45640,2,1.0,54,2,156,22503.36972222222,0.0,6.290000000000001,5.0,-6.0,46284.53369444444
1057,45640,3,7.290000000000001,59,2,150,68787.90341666667,0.0,2.950000000000001,-3.0,-9.0,-57609.4861
1057,45640,4,10.240000000000002,56,2,141,11178.417316666668,0.0,5.759999999999998,-2.0,-7.0,13914.625304875282
1057,45640,5,16.0,54,2,134,25093.04262154195,-1.0,5.159999999999997,-3.0,-18.0,1911.2550532879832
1057,45640,6,21.159999999999997,51,1,116,27004.297674829933,0.0,2.8500000000000085,-2.0,-6.0,1044.1554501700703
1057,45640,7,24.010000000000005,49,1,110,28048.453125000004,0.0,4.079999999999995,5.0,8.0,4033.6315326530603
1094,45644,1,1.0,55,1,159,45818.241388888884,0.0,1.25,-1.0,-3.0,-23314.871666666662
1094,45644,2,2.25,54,1,156,22503.36972222222,0.0,1.75,5.0,-6.0,46284.53369444444
1094,45644,3,4.0,59,1,150,68787.90341666667,0.0,0.20249999999999968,-3.0,-9.0,-57609.4861
1094,45644,4,4.2025,56,1,141,11178.417316666668,0.0,3.0875000000000012,-2.0,-7.0,13914.625304875282
1094,45644,5,7.290000000000001,54,1,134,25093.04262154195,0.0,2.950000000000001,-3.0,-18.0,1911.2550532879832
1094,45644,6,10.240000000000002,51,1,116,27004.297674829933,1.0,0.0,-2.0,-6.0,1044.1554501700703
1094,45644,7,10.240000000000002,49,2,110,28048.453125000004,0.0,5.759999999999998,5.0,8.0,4033.6315326530603
1094,476187,7,1.0,49,2,110,28048.453125000004,0.0,3.8400000000000007,5.0,8.0,4033.6315326530603
81,45578,1,7.5625,55,1,159,45818.241388888884,0.0,12.6875,-1.0,-3.0,-23314.871666666662
990,45571,1,30.25,55,2,159,45818.241388888884,0.0,10.710000000000008,-1.0,-3.0,-23314.871666666662
990,45571,2,40.96000000000001,54,2,156,22503.36972222222,0.0,-37.720000000000006,5.0,-6.0,46284.53369444444
990,45571,3,3.24,59,2,150,68787.90341666667,0.0,3.5200000000000005,-3.0,-9.0,-57609.4861
990,45589,1,256.0,55,2,159,45818.241388888884,0.0,112.63999999999999,-1.0,-3.0,-23314.871666666662
990,45589,2,368.64,54,2,156,22503.36972222222,0.0,241.44999999999993,5.0,-6.0,46284.53369444444
990,45589,3,610.0899999999999,59,2,150,68787.90341666667,0.0,168.32000000000005,-3.0,-9.0,-57609.4861
990,45589,4,778.41,56,2,141,11178.417316666668,-1.0,284.35,-2.0,-7.0,13914.625304875282
990,45589,5,1062.76,54,1,134,25093.04262154195,0.0,134.4000000000001,-3.0,-18.0,1911.2550532879832
990,45589,6,1197.16,51,1,116,27004.297674829933,0.0,27.839999999999918,-2.0,-6.0,1044.1554501700703
990,45589,7,1225.0,49,1,110,28048.453125000004,0.0,280.4399999999998,5.0,8.0,4033.6315326530603
83,45558,1,210.25,55,1,159,45818.241388888884,0.0,2.9099999999999966,-1.0,-3.0,-23314.871666666662
83,45558,2,213.16,54,1,156,22503.36972222222,0.0,2.9299999999999784,5.0,-6.0,46284.53369444444
83,45558,3,216.08999999999997,59,1,150,68787.90341666667,0.0,8.910000000000025,-3.0,-9.0,-57609.4861
83,45558,4,225.0,56,1,141,11178.417316666668,0.0,0.0,-2.0,-7.0,13914.625304875282
83,45558,5,225.0,54,1,134,25093.04262154195,0.0,18.359999999999985,-3.0,-18.0,1911.2550532879832
83,45558,6,243.35999999999999,51,1,116,27004.297674829933,0.0,0.0,-2.0,-6.0,1044.1554501700703
83,45558,7,243.35999999999999,49,1,110,28048.453125000004,0.0,-3.109999999999985,5.0,8.0,4033.6315326530603
89,45669,1,22.5625,55,1,159,45818.241388888884,0.0,0.7986111111111178,-1.0,-3.0,-23314.871666666662
89,45669,2,23.361111111111118,54,1,156,22503.36972222222,0.0,0.0,5.0,-6.0,46284.53369444444
89,45669,3,23.361111111111118,59,1,150,68787.90341666667,0.0,0.0,-3.0,-9.0,-57609.4861
89,45669,4,23.361111111111118,56,1,141,11178.417316666668,0.0,1.3066666666666613,-2.0,-7.0,13914.625304875282
89,45669,5,24.66777777777778,54,1,134,25093.04262154195,0.0,-0.9833333333333378,-3.0,-18.0,1911.2550532879832
89,45669,6,23.68444444444444,51,1,116,27004.297674829933,0.0,0.3255555555555638,-2.0,-6.0,1044.1554501700703
89,45669,7,24.010000000000005,49,1,110,28048.453125000004,0.0,1.999999999999993,5.0,8.0,4033.6315326530603
1145,45551,1,64.0,55,3,159,45818.241388888884,0.0,11.689999999999984,-1.0,-3.0,-23314.871666666662
1145,45567,1,66.69444444444446,55,3,159,45818.241388888884,0.0,19.795555555555552,-1.0,-3.0,-23314.871666666662
1145,45567,2,86.49000000000001,54,3,156,22503.36972222222,-1.0,6.150624999999991,5.0,-6.0,46284.53369444444
1145,45567,3,92.640625,59,2,150,68787.90341666667,0.0,-9.46622499999998,-3.0,-9.0,-57609.4861
1145,45567,4,83.17440000000002,56,2,141,11178.417316666668,0.0,-16.914800000000014,-2.0,-7.0,13914.625304875282
1145,45567,5,66.2596,54,2,134,25093.04262154195,0.0,1.920808163265292,-3.0,-18.0,1911.2550532879832
1145,45567,6,68.1804081632653,51,2,116,27004.297674829933,0.0,2.379591836734704,-2.0,-6.0,1044.1554501700703
1145,45567,7,70.56,49,2,110,28048.453125000004,0.0,4.7823999999999955,5.0,8.0,4033.6315326530603
1145,45667,1,110.25,55,3,159,45818.241388888884,0.0,-42.1875,-1.0,-3.0,-23314.871666666662
1145,45667,2,68.0625,54,3,156,22503.36972222222,-1.0,17.80861111111112,5.0,-6.0,46284.53369444444
1145,45667,3,85.87111111111112,59,2,150,68787.90341666667,0.0,-11.48048611111112,-3.0,-9.0,-57609.4861
1145,45667,4,74.390625,56,2,141,11178.417316666668,0.0,-0.43062500000000625,-2.0,-7.0,13914.625304875282
1145,45667,5,73.96,54,2,134,25093.04262154195,0.0,9.945600000000013,-3.0,-18.0,1911.2550532879832
1145,45667,6,83.9056,51,2,116,27004.297674829933,0.0,-2.4549750000000046,-2.0,-6.0,1044.1554501700703
1145,45667,7,81.450625,49,2,110,28048.453125000004,0.0,20.55937499999999,5.0,8.0,4033.6315326530603
1163,45659,1,6.25,55,1,159,45818.241388888884,0.0,0.0,-1.0,-3.0,-23314.871666666662
825,45557,1,81.0,55,1,159,45818.241388888884,0.0,33.48999999999998,-1.0,-3.0,-23314.871666666662
825,45557,2,114.48999999999998,54,1,156,22503.36972222222,0.0,49.35000000000005,5.0,-6.0,46284.53369444444
825,45557,3,163.84000000000003,59,1,150,68787.90341666667,0.0,10.399999999999949,-3.0,-9.0,-57609.4861
827,45628,1,6.25,55,1,159,45818.241388888884,0.0,0.0,-1.0,-3.0,-23314.871666666662
827,45628,2,6.25,54,1,156,22503.36972222222,0.0,8.19,5.0,-6.0,46284.53369444444
827,45628,3,14.44,59,1,150,68787.90341666667,0.0,-1.4799999999999986,-3.0,-9.0,-57609.4861
827,45628,4,12.96,56,1,141,11178.417316666668,0.0,0.0,-2.0,-7.0,13914.625304875282
827,45628,5,12.96,54,1,134,25093.04262154195,0.0,0.0,-3.0,-18.0,1911.2550532879832
1677,45529,1,4.0,55,7,159,45818.241388888884,0.0,0.0,-1.0,-3.0,-23314.871666666662
1677,45529,2,4.0,54,7,156,22503.36972222222,0.0,3.290000000000001,5.0,-6.0,46284.53369444444
1677,45529,3,7.290000000000001,59,7,150,68787.90341666667,0.0,2.3200000000000003,-3.0,-9.0,-57609.4861
1677,45613,1,1.0,55,7,159,45818.241388888884,0.0,1.25,-1.0,-3.0,-23314.871666666662
1677,45638,1,1.0,55,7,159,45818.241388888884,0.0,3.0,-1.0,-3.0,-23314.871666666662
1677,45638,2,4.0,54,7,156,22503.36972222222,0.0,8.96,5.0,-6.0,46284.53369444444
1677,45638,3,12.96,59,7,150,68787.90341666667,0.0,14.080000000000002,-3.0,-9.0,-57609.4861
1677,45638,4,27.040000000000003,56,7,141,11178.417316666668,-2.0,8.959999999999997,-2.0,-7.0,13914.625304875282
1677,45638,5,36.0,54,5,134,25093.04262154195,0.0,3.6899999999999977,-3.0,-18.0,1911.2550532879832
1677,45638,6,39.69,51,5,116,27004.297674829933,0.0,1.2700000000000102,-2.0,-6.0,1044.1554501700703
1677,45638,7,40.96000000000001,49,5,110,28048.453125000004,0.0,5.279999999999987,5.0,8.0,4033.6315326530603
1677,45643,1,2.25,55,7,159,45818.241388888884,0.0,1.75,-1.0,-3.0,-23314.871666666662
1677,45643,2,4.0,54,7,156,22503.36972222222,0.0,5.610000000000001,5.0,-6.0,46284.53369444444
1677,45643,3,9.610000000000001,59,7,150,68787.90341666667,0.0,1.9499999999999975,-3.0,-9.0,-57609.4861
1677,45643,4,11.559999999999999,56,7,141,11178.417316666668,-2.0,4.440000000000001,-2.0,-7.0,13914.625304875282
1677,45643,5,16.0,54,5,134,25093.04262154195,0.0,15.359999999999996,-3.0,-18.0,1911.2550532879832
1677,45643,6,31.359999999999996,51,5,116,27004.297674829933,0.0,9.600000000000012,-2.0,-6.0,1044.1554501700703
1677,45643,7,40.96000000000001,49,5,110,28048.453125000004,0.0,32.999999999999986,5.0,8.0,4033.6315326530603
1677,45653,1,1.0,55,7,159,45818.241388888884,0.0,0.0,-1.0,-3.0,-23314.871666666662
1677,45653,2,1.0,54,7,156,22503.36972222222,0.0,2.24,5.0,-6.0,46284.53369444444
1677,45653,3,3.24,59,7,150,68787.90341666667,0.0,2.049999999999999,-3.0,-9.0,-57609.4861
1677,45653,4,5.289999999999999,56,7,141,11178.417316666668,-2.0,0.9600000000000009,-2.0,-7.0,13914.625304875282
1677,45653,5,6.25,54,5,134,25093.04262154195,0.0,0.0,-3.0,-18.0,1911.2550532879832
1677,45653,6,6.25,51,5,116,27004.297674829933,0.0,0.0,-2.0,-6.0,1044.1554501700703
1677,45653,7,6.25,49,5,110,28048.453125000004,0.0,1.040000000000001,5.0,8.0,4033.6315326530603
1677,45661,1,1.0,55,7,159,45818.241388888884,0.0,0.0,-1.0,-3.0,-23314.871666666662
1677,45661,4,3.24,56,7,141,11178.417316666668,-2.0,1.17,-2.0,-7.0,13914.625304875282
1677,45661,5,4.41,54,5,134,25093.04262154195,0.0,2.880000000000001,-3.0,-18.0,1911.2550532879832
1677,45661,6,7.290000000000001,51,5,116,27004.297674829933,0.0,1.1199999999999992,-2.0,-6.0,1044.1554501700703
1677,45661,7,8.41,49,5,110,28048.453125000004,0.0,3.84,5.0,8.0,4033.6315326530603
1677,48441,1,6.25,55,7,159,45818.241388888884,0.0,0.0,-1.0,-3.0,-23314.871666666662
1677,48441,2,6.25,54,7,156,22503.36972222222,0.0,4.639999999999999,5.0,-6.0,46284.53369444444
1677,298137,3,1.2100000000000002,59,7,150,68787.90341666667,0.0,0.48,-3.0,-9.0,-57609.4861
1677,298144,3,1.0,59,7,150,68787.90341666667,0.0,0.0,-3.0,-9.0,-57609.4861
1677,340965,5,1.0,54,5,134,25093.04262154195,0.0,0.6900000000000002,-3.0,-18.0,1911.2550532879832
1677,340965,6,1.6900000000000002,51,5,116,27004.297674829933,0.0,0.0,-2.0,-6.0,1044.1554501700703
1677,340965,7,1.6900000000000002,49,5,110,28048.453125000004,0.0,4.56,5.0,8.0,4033.6315326530603
828,45555,1,16.0,55,1,159,45818.241388888884,0.0,0.0,-1.0,-3.0,-23314.871666666662
828,45555,4,3.24,56,2,141,11178.417316666668,0.0,0.0,-2.0,-7.0,13914.625304875282
828,45555,5,3.24,54,2,134,25093.04262154195,-1.0,1.17,-3.0,-18.0,1911.2550532879832
828,45555,6,4.41,51,1,116,27004.297674829933,0.0,1.3499999999999996,-2.0,-6.0,1044.1554501700703
828,45555,7,5.76,49,1,110,28048.453125000004,2.0,7.9300000000000015,5.0,8.0,4033.6315326530603
828,298148,3,1.9599999999999997,59,1,150,68787.90341666667,1.0,0.9299999999999999,-3.0,-9.0,-57609.4861
828,298148,4,2.8899999999999997,56,2,141,11178.417316666668,0.0,4.949999999999999,-2.0,-7.0,13914.625304875282
135,363594,6,3.61,51,1,116,27004.297674829933,0.0,1.2300000000000009,-2.0,-6.0,1044.1554501700703
135,363594,7,4.840000000000001,49,1,110,28048.453125000004,0.0,7.409999999999999,5.0,8.0,4033.6315326530603
1539,45575,1,2.25,55,3,159,45818.241388888884,1.0,0.8125,-1.0,-3.0,-23314.871666666662
1539,45590,1,1.5625,55,3,159,45818.241388888884,1.0,0.0,-1.0,-3.0,-23314.871666666662
1539,45590,2,1.5625,54,4,156,22503.36972222222,-1.0,1.5,5.0,-6.0,46284.53369444444
1539,45590,3,3.0625,59,3,150,68787.90341666667,0.0,0.1775000000000002,-3.0,-9.0,-57609.4861
1539,45590,4,3.24,56,3,141,11178.417316666668,0.0,0.0,-2.0,-7.0,13914.625304875282
1539,45590,5,3.24,54,3,134,25093.04262154195,0.0,0.0,-3.0,-18.0,1911.2550532879832
1539,45590,6,3.24,51,3,116,27004.297674829933,0.0,1.17,-2.0,-6.0,1044.1554501700703
1539,45596,1,2.25,55,3,159,45818.241388888884,1.0,1.75,-1.0,-3.0,-23314.871666666662
1539,45596,2,4.0,54,4,156,22503.36972222222,-1.0,5.0,5.0,-6.0,46284.53369444444
1539,45596,3,9.0,59,3,150,68787.90341666667,0.0,0.0,-3.0,-9.0,-57609.4861
1539,45596,4,9.0,56,3,141,11178.417316666668,0.0,0.6100000000000012,-2.0,-7.0,13914.625304875282
1539,45596,5,9.610000000000001,54,3,134,25093.04262154195,0.0,-0.6100000000000012,-3.0,-18.0,1911.2550532879832
1539,45596,6,9.0,51,3,116,27004.297674829933,0.0,0.6100000000000012,-2.0,-6.0,1044.1554501700703
1539,45596,7,9.610000000000001,49,3,110,28048.453125000004,-1.0,0.6300000000000008,5.0,8.0,4033.6315326530603
1539,261805,2,1.0,54,4,156,22503.36972222222,-1.0,0.9599999999999997,5.0,-6.0,46284.53369444444
1539,261805,3,1.9599999999999997,59,3,150,68787.90341666667,0.0,-0.2699999999999996,-3.0,-9.0,-57609.4861
1539,261805,4,1.6900000000000002,56,3,141,11178.417316666668,0.0,0.2699999999999996,-2.0,-7.0,13914.625304875282
1539,261805,5,1.9599999999999997,54,3,134,25093.04262154195,0.0,0.1425000000000003,-3.0,-18.0,1911.2550532879832
1539,261805,6,2.1025,51,3,116,27004.297674829933,0.0,0.6199999999999997,-2.0,-6.0,1044.1554501700703
1539,261805,7,2.7224999999999997,49,3,110,28048.453125000004,-1.0,0.3400000000000003,5.0,8.0,4033.6315326530603
483,1619,1,470.89,55,1,159,45818.241388888884,0.0,58.110000000000014,-1.0,-3.0,-23314.871666666662
487,45541,1,7.5625,55,2,159,45818.241388888884,0.0,0.0,-1.0,-3.0,-23314.871666666662
487,45624,1,100.0,55,2,159,45818.241388888884,0.0,34.56,-1.0,-3.0,-23314.871666666662
487,45624,2,134.56,54,2,156,22503.36972222222,-1.0,90.44,5.0,-6.0,46284.53369444444
487,45624,3,225.0,59,1,150,68787.90341666667,0.0,64.0,-3.0,-9.0,-57609.4861
487,45624,4,289.0,56,1,141,11178.417316666668,0.0,17.25,-2.0,-7.0,13914.625304875282
487,45624,5,306.25,54,1,134,25093.04262154195,1.0,-82.74750000000003,-3.0,-18.0,1911.2550532879832
487,45624,6,223.50249999999997,51,2,116,27004.297674829933,0.0,86.25750000000008,-2.0,-6.0,1044.1554501700703
487,45624,7,309.76000000000005,49,2,110,28048.453125000004,0.0,7.079999999999984,5.0,8.0,4033.6315326530603
487,363591,6,1.2100000000000002,51,2,116,27004.297674829933,0.0,0.0,-2.0,-6.0,1044.1554501700703
487,363591,7,1.2100000000000002,49,2,110,28048.453125000004,0.0,0.22999999999999976,5.0,8.0,4033.6315326530603
1673,298136,3,1.0,59,1,150,68787.90341666667,0.0,0.0,-3.0,-9.0,-57609.4861
1673,298136,4,1.0,56,1,141,11178.417316666668,0.0,0.2100000000000002,-2.0,-7.0,13914.625304875282
1673,298136,5,1.2100000000000002,54,1,134,25093.04262154195,0.0,0.22999999999999976,-3.0,-18.0,1911.2550532879832
1673,298136,6,1.44,51,1,116,27004.297674829933,0.0,0.0,-2.0,-6.0,1044.1554501700703
1673,298136,7,1.44,49,1,110,28048.453125000004,0.0,0.0,5.0,8.0,4033.6315326530603
1659,45599,1,1.0,55,3,159,45818.241388888884,1.0,0.0,-1.0,-3.0,-23314.871666666662
1659,45599,2,1.0,54,4,156,22503.36972222222,0.0,3.41,5.0,-6.0,46284.53369444444
1659,45599,3,4.41,59,4,150,68787.90341666667,0.0,1.8399999999999999,-3.0,-9.0,-57609.4861
1659,45599,4,6.25,56,4,141,11178.417316666668,0.0,2.16,-2.0,-7.0,13914.625304875282
1659,45599,5,8.41,54,4,134,25093.04262154195,0.0,1.8300000000000018,-3.0,-18.0,1911.2550532879832
1659,45599,6,10.240000000000002,51,4,116,27004.297674829933,0.0,2.009999999999998,-2.0,-6.0,1044.1554501700703
1659,45599,7,12.25,49,4,110,28048.453125000004,1.0,22.560000000000002,5.0,8.0,4033.6315326530603
1659,45607,1,4.0,55,3,159,45818.241388888884,1.0,2.25,-1.0,-3.0,-23314.871666666662
1659,45607,2,6.25,54,4,156,22503.36972222222,0.0,14.0,5.0,-6.0,46284.53369444444
1659,45607,3,20.25,59,4,150,68787.90341666667,0.0,2.789999999999999,-3.0,-9.0,-57609.4861
1659,45607,4,23.04,56,4,141,11178.417316666668,0.0,7.210000000000001,-2.0,-7.0,13914.625304875282
1659,45607,5,30.25,54,4,134,25093.04262154195,0.0,8.190000000000005,-3.0,-18.0,1911.2550532879832
1659,45607,6,38.440000000000005,51,4,116,27004.297674829933,0.0,7.79999999999999,-2.0,-6.0,1044.1554501700703
1659,45607,7,46.239999999999995,49,4,110,28048.453125000004,1.0,32.97000000000001,5.0,8.0,4033.6315326530603
1659,45619,1,2.25,55,3,159,45818.241388888884,1.0,1.75,-1.0,-3.0,-23314.871666666662
1659,45619,2,4.0,54,4,156,22503.36972222222,0.0,5.0,5.0,-6.0,46284.53369444444
1659,45619,3,9.0,59,4,150,68787.90341666667,0.0,1.8899999999999988,-3.0,-9.0,-57609.4861
1659,45619,4,10.889999999999999,56,4,141,11178.417316666668,0.0,2.070000000000002,-2.0,-7.0,13914.625304875282
1659,45619,5,12.96,54,4,134,25093.04262154195,0.0,2.2499999999999982,-3.0,-18.0,1911.2550532879832
1659,45619,6,15.209999999999999,51,4,116,27004.297674829933,0.0,0.7900000000000009,-2.0,-6.0,1044.1554501700703
1659,45619,7,16.0,49,4,110,28048.453125000004,1.0,8.010000000000005,5.0,8.0,4033.6315326530603
1659,261795,2,1.0,54,4,156,22503.36972222222,0.0,1.5600000000000005,5.0,-6.0,46284.53369444444
1659,261795,3,2.5600000000000005,59,4,150,68787.90341666667,0.0,1.0499999999999994,-3.0,-9.0,-57609.4861
1659,261795,4,3.61,56,4,141,11178.417316666668,0.0,1.2300000000000009,-2.0,-7.0,13914.625304875282
1659,261795,5,4.840000000000001,54,4,134,25093.04262154195,0.0,1.4099999999999993,-3.0,-18.0,1911.2550532879832
1659,261795,6,6.25,51,4,116,27004.297674829933,0.0,1.040000000000001,-2.0,-6.0,1044.1554501700703
1659,261795,7,7.290000000000001,49,4,110,28048.453125000004,1.0,8.709999999999999,5.0,8.0,4033.6315326530603
263,298131,3,1.44,59,1,150,68787.90341666667,1.0,3.400000000000001,-3.0,-9.0,-57609.4861
263,298131,4,4.840000000000001,56,2,141,11178.417316666668,-1.0,0.4499999999999984,-2.0,-7.0,13914.625304875282
269,45582,1,72.25,55,2,159,45818.241388888884,0.0,8.75,-1.0,-3.0,-23314.871666666662
269,45582,2,81.0,54,2,156,22503.36972222222,2.0,51.25,5.0,-6.0,46284.53369444444
269,45582,3,132.25,59,4,150,68787.90341666667,0.0,6.990000000000009,-3.0,-9.0,-57609.4861
269,45582,4,139.24,56,4,141,11178.417316666668,0.0,0.0,-2.0,-7.0,13914.625304875282
269,45582,5,139.24,54,4,134,25093.04262154195,0.0,2.3700000000000045,-3.0,-18.0,1911.2550532879832
269,45582,6,141.61,51,4,116,27004.297674829933,-1.0,2.3899999999999864,-2.0,-6.0,1044.1554501700703
269,45608,1,9.0,55,2,159,45818.241388888884,0.0,3.25,-1.0,-3.0,-23314.871666666662
269,45608,2,12.25,54,2,156,22503.36972222222,2.0,54.989999999999995,5.0,-6.0,46284.53369444444
269,45608,3,67.24,59,4,150,68787.90341666667,0.0,19.250000000000014,-3.0,-9.0,-57609.4861
269,45608,4,86.49000000000001,56,4,141,11178.417316666668,0.0,27.99999999999997,-2.0,-7.0,13914.625304875282
269,45608,5,114.48999999999998,54,4,134,25093.04262154195,0.0,13.200000000000031,-3.0,-18.0,1911.2550532879832
269,45608,6,127.69000000000001,51,4,116,27004.297674829933,-1.0,16.309999999999988,-2.0,-6.0,1044.1554501700703
269,45608,7,144.0,49,3,110,28048.453125000004,-1.0,-16.309999999999988,5.0,8.0,4033.6315326530603
269,298132,3,1.0,59,4,150,68787.90341666667,0.0,4.289999999999999,-3.0,-9.0,-57609.4861
269,298132,4,5.289999999999999,56,4,141,11178.417316666668,0.0,0.0,-2.0,-7.0,13914.625304875282
269,298132,5,5.289999999999999,54,4,134,25093.04262154195,0.0,4.950000000000003,-3.0,-18.0,1911.2550532879832
269,298135,3,2.5600000000000005,59,4,150,68787.90341666667,0.0,1.4399999999999995,-3.0,-9.0,-57609.4861
269,298135,4,4.0,56,4,141,11178.417316666668,0.0,1.2899999999999991,-2.0,-7.0,13914.625304875282
269,298135,5,5.289999999999999,54,4,134,25093.04262154195,0.0,1.4700000000000015,-3.0,-18.0,1911.2550532879832
269,298135,6,6.760000000000001,51,4,116,27004.297674829933,-1.0,0.0,-2.0,-6.0,1044.1554501700703
269,298135,7,6.760000000000001,49,3,110,28048.453125000004,-1.0,2.8500000000000005,5.0,8.0,4033.6315326530603
320,277569,3,1.0,59,1,150,68787.90341666667,0.0,1.8899999999999997,-3.0,-9.0,-57609.4861
320,277569,4,2.8899999999999997,56,1,141,11178.417316666668,0.0,2.87,-2.0,-7.0,13914.625304875282
320,277569,5,5.76,54,1,134,25093.04262154195,0.0,0.0,-3.0,-18.0,1911.2550532879832
320,277569,6,5.76,51,1,116,27004.297674829933,0.0,0.4900000000000002,-2.0,-6.0,1044.1554501700703
320,277569,7,6.25,49,1,110,28048.453125000004,0.0,-4.8100000000000005,5.0,8.0,4033.6315326530603
1162,45577,1,9.0,55,2,159,45818.241388888884,0.0,3.25,-1.0,-3.0,-23314.871666666662
1162,45577,2,12.25,54,2,156,22503.36972222222,0.0,-1.3600000000000012,5.0,-6.0,46284.53369444444
1162,45605,1,182.25,55,2,159,45818.241388888884,0.0,13.75,-1.0,-3.0,-23314.871666666662
1162,45605,2,196.0,54,2,156,22503.36972222222,0.0,35.03999999999999,5.0,-6.0,46284.53369444444
1162,45605,3,231.04,59,2,150,68787.90341666667,-1.0,37.91999999999999,-3.0,-9.0,-57609.4861
1162,45605,4,268.96,56,1,141,11178.417316666668,0.0,20.04000000000002,-2.0,-7.0,13914.625304875282
1162,45605,5,289.0,54,1,134,25093.04262154195,0.0,17.25,-3.0,-18.0,1911.2550532879832
1162,45605,6,306.25,51,1,116,27004.297674829933,0.0,3.5100000000000477,-2.0,-6.0,1044.1554501700703
1162,45605,7,309.76000000000005,49,1,110,28048.453125000004,0.0,0.0,5.0,8.0,4033.6315326530603
6,45533,1,9.0,55,8,159,45818.241388888884,-2.0,0.0,-1.0,-3.0,-23314.871666666662
6,45533,2,9.0,54,6,156,22503.36972222222,0.0,-7.7004,5.0,-6.0,46284.53369444444
6,45535,1,5.0625,55,8,159,45818.241388888884,-2.0,2.5,-1.0,-3.0,-23314.871666666662
6,45535,2,7.5625,54,6,156,22503.36972222222,0.0,-6.5625,5.0,-6.0,46284.53369444444
6,45547,1,3.4225000000000003,55,8,159,45818.241388888884,-2.0,1.6399999999999997,-1.0,-3.0,-23314.871666666662
6,45547,2,5.0625,54,6,156,22503.36972222222,0.0,19.44,5.0,-6.0,46284.53369444444
6,45585,1,5.444444444444443,55,8,159,45818.241388888884,-2.0,6.805555555555557,-1.0,-3.0,-23314.871666666662
6,45587,1,9.0,55,8,159,45818.241388888884,-2.0,3.25,-1.0,-3.0,-23314.871666666662
6,45598,1,1.0,55,8,159,45818.241388888884,-2.0,0.0,-1.0,-3.0,-23314.871666666662
6,45598,2,1.0,54,6,156,22503.36972222222,0.0,0.9599999999999997,5.0,-6.0,46284.53369444444
6,45598,3,1.9599999999999997,59,6,150,68787.90341666667,-4.0,-0.06937499999999974,-3.0,-9.0,-57609.4861
6,45598,4,1.890625,56,2,141,11178.417316666668,0.0,1.7193749999999999,-2.0,-7.0,13914.625304875282
6,45598,5,3.61,54,2,134,25093.04262154195,-1.0,1.6799999999999993,-3.0,-18.0,1911.2550532879832
6,45598,6,5.289999999999999,51,1,116,27004.297674829933,0.0,-2.227499999999999,-2.0,-6.0,1044.1554501700703
6,45598,7,3.0625,49,1,110,28048.453125000004,3.0,7.827499999999999,5.0,8.0,4033.6315326530603
6,322174,4,3.61,56,2,141,11178.417316666668,0.0,-1.2074999999999996,-2.0,-7.0,13914.625304875282
511,45564,1,4.0,55,2,159,45818.241388888884,0.0,2.25,-1.0,-3.0,-23314.871666666662
511,45564,2,6.25,54,2,156,22503.36972222222,0.0,25.109999999999996,5.0,-6.0,46284.53369444444
511,45564,3,31.359999999999996,59,2,150,68787.90341666667,0.0,44.329999999999984,-3.0,-9.0,-57609.4861
511,45564,4,75.68999999999998,56,2,141,11178.417316666668,-1.0,90.72000000000001,-2.0,-7.0,13914.625304875282
511,45564,5,166.41,54,1,134,25093.04262154195,0.0,206.08,-3.0,-18.0,1911.2550532879832
511,45564,6,372.49,51,1,116,27004.297674829933,0.0,193.95000000000005,-2.0,-6.0,1044.1554501700703
511,45564,7,566.44,49,1,110,28048.453125000004,0.0,43.649999999999864,5.0,8.0,4033.6315326530603
511,45756,1,2.25,55,2,159,45818.241388888884,0.0,0.0,-1.0,-3.0,-23314.871666666662
511,298129,3,4.41,59,2,150,68787.90341666667,0.0,2.3500000000000005,-3.0,-9.0,-57609.4861
521,45630,1,25.0,55,1,159,45818.241388888884,0.0,12.209999999999994,-1.0,-3.0,-23314.871666666662
521,45630,2,37.209999999999994,54,1,156,22503.36972222222,0.0,62.790000000000006,5.0,-6.0,46284.53369444444
521,45630,3,100.0,59,1,150,68787.90341666667,0.0,36.889999999999986,-3.0,-9.0,-57609.4861
521,45630,4,136.89,56,1,141,11178.417316666668,0.0,11.949999999999989,-2.0,-7.0,13914.625304875282
521,45630,5,148.83999999999997,54,1,134,25093.04262154195,0.0,9.920000000000016,-3.0,-18.0,1911.2550532879832
521,45630,6,158.76,51,1,116,27004.297674829933,0.0,0.0,-2.0,-6.0,1044.1554501700703
521,45630,7,158.76,49,1,110,28048.453125000004,0.0,2.530000000000001,5.0,8.0,4033.6315326530603
1548,298138,3,1.6900000000000002,59,1,150,68787.90341666667,1.0,-0.2500000000000002,-3.0,-9.0,-57609.4861
1548,298138,4,1.44,56,2,141,11178.417316666668,0.0,0.5199999999999998,-2.0,-7.0,13914.625304875282
1548,322180,4,3.61,56,2,141,11178.417316666668,0.0,0.0,-2.0,-7.0,13914.625304875282
1548,322180,5,3.61,54,2,134,25093.04262154195,-1.0,1.2300000000000009,-3.0,-18.0,1911.2550532879832
1548,322180,6,4.840000000000001,51,1,116,27004.297674829933,0.0,0.0,-2.0,-6.0,1044.1554501700703
1548,322180,7,4.840000000000001,49,1,110,28048.453125000004,0.0,0.919999999999999,5.0,8.0,4033.6315326530603
1161,322179,4,1.0,56,1,141,11178.417316666668,0.0,2.24,-2.0,-7.0,13914.625304875282
980,1,1,81.0,55,2,159,45818.241388888884,1.0,7.360000000000014,-1.0,-3.0,-23314.871666666662
980,45591,1,182.25,55,2,159,45818.241388888884,1.0,13.75,-1.0,-3.0,-23314.871666666662
980,45591,2,196.0,54,3,156,22503.36972222222,-1.0,29.0,5.0,-6.0,46284.53369444444
980,45591,3,225.0,59,2,150,68787.90341666667,0.0,6.039999999999992,-3.0,-9.0,-57609.4861
980,45591,4,231.04,56,2,141,11178.417316666668,0.0,0.0,-2.0,-7.0,13914.625304875282
980,45591,5,231.04,54,2,134,25093.04262154195,0.0,6.120000000000033,-3.0,-18.0,1911.2550532879832
980,45591,6,237.16000000000003,51,2,116,27004.297674829933,0.0,0.0,-2.0,-6.0,1044.1554501700703
980,45591,7,237.16000000000003,49,2,110,28048.453125000004,-1.0,12.47999999999999,5.0,8.0,4033.6315326530603
980,261804,2,1.0,54,3,156,22503.36972222222,-1.0,0.9599999999999997,5.0,-6.0,46284.53369444444
980,261804,3,1.9599999999999997,59,2,150,68787.90341666667,0.0,0.0,-3.0,-9.0,-57609.4861
980,261804,4,1.9599999999999997,56,2,141,11178.417316666668,0.0,0.29000000000000026,-2.0,-7.0,13914.625304875282
980,261804,5,2.25,54,2,134,25093.04262154195,0.0,0.0,-3.0,-18.0,1911.2550532879832
980,261804,6,2.25,51,2,116,27004.297674829933,0.0,1.75,-2.0,-6.0,1044.1554501700703
1550,45604,1,6.25,55,2,159,45818.241388888884,-1.0,0.0,-1.0,-3.0,-23314.871666666662
1550,45604,2,6.25,54,1,156,22503.36972222222,1.0,3.990000000000002,5.0,-6.0,46284.53369444444
1550,45604,3,10.240000000000002,59,2,150,68787.90341666667,1.0,3.4499999999999993,-3.0,-9.0,-57609.4861
1550,45604,4,13.690000000000001,56,3,141,11178.417316666668,1.0,3.1199999999999974,-2.0,-7.0,13914.625304875282
1550,298145,3,7.839999999999999,59,2,150,68787.90341666667,1.0,0.0,-3.0,-9.0,-57609.4861
1550,298145,4,7.839999999999999,56,3,141,11178.417316666668,1.0,2.400000000000003,-2.0,-7.0,13914.625304875282
1550,298145,5,10.240000000000002,54,4,134,25093.04262154195,0.0,2.009999999999998,-3.0,-18.0,1911.2550532879832
1550,298145,6,12.25,51,4,116,27004.297674829933,0.0,1.4400000000000013,-2.0,-6.0,1044.1554501700703
1550,298145,7,13.690000000000001,49,4,110,28048.453125000004,0.0,6.559999999999999,5.0,8.0,4033.6315326530603
1550,322176,4,1.6900000000000002,56,3,141,11178.417316666668,1.0,0.8700000000000003,-2.0,-7.0,13914.625304875282
1550,322176,5,2.5600000000000005,54,4,134,25093.04262154195,0.0,0.0,-3.0,-18.0,1911.2550532879832
1550,322176,6,2.5600000000000005,51,4,116,27004.297674829933,0.0,0.0,-2.0,-6.0,1044.1554501700703
1550,322176,7,2.5600000000000005,49,4,110,28048.453125000004,0.0,2.7299999999999986,5.0,8.0,4033.6315326530603
1550,334894,5,1.0,54,4,134,25093.04262154195,0.0,0.9599999999999997,-3.0,-18.0,1911.2550532879832
1550,334894,6,1.9599999999999997,51,4,116,27004.297674829933,0.0,0.6000000000000008,-2.0,-6.0,1044.1554501700703
1550,334894,7,2.5600000000000005,49,4,110,28048.453125000004,0.0,0.0,5.0,8.0,4033.6315326530603
1550,363593,6,1.2100000000000002,51,4,116,27004.297674829933,0.0,0.22999999999999976,-2.0,-6.0,1044.1554501700703
548,322175,4,1.2100000000000002,56,1,141,11178.417316666668,0.0,0.22999999999999976,-2.0,-7.0,13914.625304875282
548,322175,5,1.44,54,1,134,25093.04262154195,0.0,0.5199999999999998,-3.0,-18.0,1911.2550532879832
548,322175,6,1.9599999999999997,51,1,116,27004.297674829933,0.0,0.6000000000000008,-2.0,-6.0,1044.1554501700703
548,322175,7,2.5600000000000005,49,1,110,28048.453125000004,1.0,3.6899999999999995,5.0,8.0,4033.6315326530603
1545,45528,1,64.0,55,2,159,45818.241388888884,0.0,89.76000000000002,-1.0,-3.0,-23314.871666666662
1545,45528,2,153.76000000000002,54,2,156,22503.36972222222,-1.0,62.329999999999956,5.0,-6.0,46284.53369444444
1545,45528,3,216.08999999999997,59,1,150,68787.90341666667,0.0,-177.23555555555552,-3.0,-9.0,-57609.4861
1545,45528,4,38.85444444444445,56,1,141,11178.417316666668,0.0,4.266666666666673,-2.0,-7.0,13914.625304875282
1545,45528,5,43.12111111111112,54,1,134,25093.04262154195,0.0,212.87888888888887,-3.0,-18.0,1911.2550532879832
1545,45528,6,256.0,51,1,116,27004.297674829933,0.0,0.0,-2.0,-6.0,1044.1554501700703
1545,45528,7,256.0,49,1,110,28048.453125000004,0.0,33.0,5.0,8.0,4033.6315326530603
1545,45632,1,2.25,55,2,159,45818.241388888884,0.0,0.0,-1.0,-3.0,-23314.871666666662
686,45576,3,10.889999999999999,59,1,150,68787.90341666667,0.0,8.470000000000004,-3.0,-9.0,-57609.4861
686,45576,4,19.360000000000003,56,1,141,11178.417316666668,0.0,8.729999999999997,-2.0,-7.0,13914.625304875282
1111,1617,1,492.84,55,1,159,45818.241388888884,0.0,50.05000000000001,-1.0,-3.0,-23314.871666666662
1111,1617,2,542.89,54,1,156,22503.36972222222,0.0,9.360000000000014,5.0,-6.0,46284.53369444444
1111,1617,3,552.25,59,1,150,68787.90341666667,0.0,0.0,-3.0,-9.0,-57609.4861
1111,1617,4,552.25,56,1,141,11178.417316666668,0.0,57.83999999999992,-2.0,-7.0,13914.625304875282
1111,1617,5,610.0899999999999,54,1,134,25093.04262154195,0.0,375.87,-3.0,-18.0,1911.2550532879832
1111,1617,6,985.9599999999999,51,1,116,27004.297674829933,0.0,371.9625000000002,-2.0,-6.0,1044.1554501700703
1111,1617,7,1357.9225000000001,49,1,110,28048.453125000004,0.0,543.0374999999999,5.0,8.0,4033.6315326530603
478,45614,1,6.25,55,2,159,45818.241388888884,0.0,0.0,-1.0,-3.0,-23314.871666666662
478,45622,1,1.0,55,2,159,45818.241388888884,0.0,0.0,-1.0,-3.0,-23314.871666666662
478,45622,2,1.0,54,2,156,22503.36972222222,0.0,0.9599999999999997,5.0,-6.0,46284.53369444444
478,45622,3,1.9599999999999997,59,2,150,68787.90341666667,0.0,0.29000000000000026,-3.0,-9.0,-57609.4861
478,45622,4,2.25,56,2,141,11178.417316666668,0.0,0.3100000000000005,-2.0,-7.0,13914.625304875282
478,45622,5,2.5600000000000005,54,2,134,25093.04262154195,0.0,0.6799999999999997,-3.0,-18.0,1911.2550532879832
478,45622,6,3.24,51,2,116,27004.297674829933,0.0,-0.35000000000000053,-2.0,-6.0,1044.1554501700703
478,45622,7,2.8899999999999997,49,2,110,28048.453125000004,-1.0,1.1100000000000003,5.0,8.0,4033.6315326530603
478,298122,3,1.6900000000000002,59,2,150,68787.90341666667,0.0,0.2699999999999996,-3.0,-9.0,-57609.4861
478,298122,4,1.9599999999999997,56,2,141,11178.417316666668,0.0,0.6000000000000008,-2.0,-7.0,13914.625304875282
478,298122,5,2.5600000000000005,54,2,134,25093.04262154195,0.0,0.6799999999999997,-3.0,-18.0,1911.2550532879832
478,298122,6,3.24,51,2,116,27004.297674829933,0.0,1.17,-2.0,-6.0,1044.1554501700703
871,45534,1,100.0,55,2,159,45818.241388888884,0.0,25.439999999999984,-1.0,-3.0,-23314.871666666662
871,45574,1,6.25,55,2,159,45818.241388888884,0.0,0.0,-1.0,-3.0,-23314.871666666662
255,334896,5,1.0,54,1,134,25093.04262154195,0.0,0.9599999999999997,-3.0,-18.0,1911.2550532879832
255,334896,6,1.9599999999999997,51,1,116,27004.297674829933,0.0,0.0,-2.0,-6.0,1044.1554501700703
671,45526,1,9.0,55,4,159,45818.241388888884,0.0,3.25,-1.0,-3.0,-23314.871666666662
671,45544,1,2.25,55,4,159,45818.241388888884,0.0,0.0,-1.0,-3.0,-23314.871666666662
671,45581,1,1.0,55,4,159,45818.241388888884,0.0,0.0,-1.0,-3.0,-23314.871666666662
671,45581,2,1.0,54,4,156,22503.36972222222,-2.0,3.0,5.0,-6.0,46284.53369444444
671,45581,3,4.0,59,2,150,68787.90341666667,1.0,1.7599999999999998,-3.0,-9.0,-57609.4861
671,45581,4,5.76,56,3,141,11178.417316666668,0.0,0.4900000000000002,-2.0,-7.0,13914.625304875282
671,45581,5,6.25,54,3,134,25093.04262154195,0.0,0.5100000000000007,-3.0,-18.0,1911.2550532879832
671,45581,6,6.760000000000001,51,3,116,27004.297674829933,0.0,0.5300000000000002,-2.0,-6.0,1044.1554501700703
671,45581,7,7.290000000000001,49,3,110,28048.453125000004,0.0,2.3200000000000003,5.0,8.0,4033.6315326530603
671,261798,2,1.0,54,4,156,22503.36972222222,-2.0,3.0,5.0,-6.0,46284.53369444444
671,261798,3,4.0,59,2,150,68787.90341666667,1.0,2.25,-3.0,-9.0,-57609.4861
671,322178,4,1.44,56,3,141,11178.417316666668,0.0,0.81,-2.0,-7.0,13914.625304875282
671,322178,5,2.25,54,3,134,25093.04262154195,0.0,0.0,-3.0,-18.0,1911.2550532879832
671,322178,6,2.25,51,3,116,27004.297674829933,0.0,0.3100000000000005,-2.0,-6.0,1044.1554501700703
671,322178,7,2.5600000000000005,49,3,110,28048.453125000004,0.0,-0.3100000000000005,5.0,8.0,4033.6315326530603
671,340964,5,1.0,54,3,134,25093.04262154195,0.0,0.6900000000000002,-3.0,-18.0,1911.2550532879832
671,340964,6,1.6900000000000002,51,3,116,27004.297674829933,0.0,0.8700000000000003,-2.0,-6.0,1044.1554501700703
671,340964,7,2.5600000000000005,49,3,110,28048.453125000004,0.0,2.7299999999999986,5.0,8.0,4033.6315326530603
435,45620,1,12.25,55,1,159,45818.241388888884,0.0,3.75,-1.0,-3.0,-23314.871666666662
435,45620,2,16.0,54,1,156,22503.36972222222,0.0,11.040000000000003,5.0,-6.0,46284.53369444444
435,45620,3,27.040000000000003,59,1,150,68787.90341666667,0.0,3.2099999999999973,-3.0,-9.0,-57609.4861
435,45620,4,30.25,56,1,141,11178.417316666668,0.0,2.240000000000002,-2.0,-7.0,13914.625304875282
435,45620,5,32.49,54,1,134,25093.04262154195,0.0,-1.130000000000006,-3.0,-18.0,1911.2550532879832
1169,1616,1,1361.61,55,4,159,45818.241388888884,0.0,74.79999999999995,-1.0,-3.0,-23314.871666666662
1169,45554,1,2.25,55,4,159,45818.241388888884,0.0,0.0,-1.0,-3.0,-23314.871666666662
1169,45623,1,49.0,55,4,159,45818.241388888884,0.0,2.8400000000000034,-1.0,-3.0,-23314.871666666662
1169,45623,2,51.84,54,4,156,22503.36972222222,0.0,12.159999999999997,5.0,-6.0,46284.53369444444
1169,45623,3,64.0,59,4,150,68787.90341666667,0.0,9.959999999999994,-3.0,-9.0,-57609.4861
1169,45623,4,73.96,56,4,141,11178.417316666668,1.0,1.7299999999999898,-2.0,-7.0,13914.625304875282
1169,45623,5,75.68999999999998,54,5,134,25093.04262154195,0.0,5.3100000000000165,-3.0,-18.0,1911.2550532879832
1169,45623,6,81.0,51,5,116,27004.297674829933,-1.0,3.6399999999999864,-2.0,-6.0,1044.1554501700703
1169,45623,7,84.63999999999999,49,4,110,28048.453125000004,1.0,0.0,5.0,8.0,4033.6315326530603
1169,45658,1,4.0,55,4,159,45818.241388888884,0.0,2.25,-1.0,-3.0,-23314.871666666662
1169,45658,2,6.25,54,4,156,22503.36972222222,0.0,-3.6899999999999995,5.0,-6.0,46284.53369444444
1169,45658,3,2.5600000000000005,59,4,150,68787.90341666667,0.0,6.4399999999999995,-3.0,-9.0,-57609.4861
1169,45658,4,9.0,56,4,141,11178.417316666668,1.0,0.0,-2.0,-7.0,13914.625304875282
1169,45658,5,9.0,54,5,134,25093.04262154195,0.0,-0.5899999999999999,-3.0,-18.0,1911.2550532879832
1169,298130,3,1.9599999999999997,59,4,150,68787.90341666667,0.0,0.29000000000000026,-3.0,-9.0,-57609.4861
1169,298130,4,2.25,56,4,141,11178.417316666668,1.0,0.3100000000000005,-2.0,-7.0,13914.625304875282
1169,298130,5,2.5600000000000005,54,5,134,25093.04262154195,0.0,0.3299999999999992,-3.0,-18.0,1911.2550532879832
1169,298130,6,2.8899999999999997,51,5,116,27004.297674829933,-1.0,1.1100000000000003,-2.0,-6.0,1044.1554501700703
1169,298130,7,4.0,49,4,110,28048.453125000004,1.0,0.0,5.0,8.0,4033.6315326530603
1169,298143,3,2.8899999999999997,59,4,150,68787.90341666667,0.0,1.5200000000000005,-3.0,-9.0,-57609.4861
1169,298143,4,4.41,56,4,141,11178.417316666668,1.0,3.429999999999999,-2.0,-7.0,13914.625304875282
1169,298143,5,7.839999999999999,54,5,134,25093.04262154195,0.0,5.850000000000002,-3.0,-18.0,1911.2550532879832
1169,298143,6,13.690000000000001,51,5,116,27004.297674829933,-1.0,0.7499999999999982,-2.0,-6.0,1044.1554501700703
1169,298143,7,14.44,49,4,110,28048.453125000004,1.0,4.9200000000000035,5.0,8.0,4033.6315326530603
1169,322183,5,2.5600000000000005,54,5,134,25093.04262154195,0.0,0.0,-3.0,-18.0,1911.2550532879832
1169,322183,6,2.5600000000000005,51,5,116,27004.297674829933,-1.0,0.3299999999999992,-2.0,-6.0,1044.1554501700703
1169,322183,7,2.8899999999999997,49,4,110,28048.453125000004,1.0,0.0,5.0,8.0,4033.6315326530603
1661,1615,1,40000.0,55,1,159,45818.241388888884,0.0,-24124.0,-1.0,-3.0,-23314.871666666662
1661,1615,2,15876.0,54,1,156,22503.36972222222,0.0,47401.402500000004,5.0,-6.0,46284.53369444444
1661,1615,3,63277.402500000004,59,1,150,68787.90341666667,0.0,-57999.380000000005,-3.0,-9.0,-57609.4861
1661,1615,4,5278.022500000001,56,1,141,11178.417316666668,0.0,13326.937500000002,-2.0,-7.0,13914.625304875282
1661,1615,5,18604.960000000003,54,1,134,25093.04262154195,0.0,660.4799999999996,-3.0,-18.0,1911.2550532879832
1661,1615,6,19265.440000000002,51,1,116,27004.297674829933,0.0,306.5699999999997,-2.0,-6.0,1044.1554501700703
1661,1615,7,19572.010000000002,49,1,110,28048.453125000004,0.0,3168.630000000001,5.0,8.0,4033.6315326530603
958,45611,1,9.0,55,2,159,45818.241388888884,0.0,0.0,-1.0,-3.0,-23314.871666666662
958,45611,2,9.0,54,2,156,22503.36972222222,0.0,6.209999999999999,5.0,-6.0,46284.53369444444
958,45611,3,15.209999999999999,59,2,150,68787.90341666667,0.0,-5.2875,-3.0,-9.0,-57609.4861
958,45611,4,9.9225,56,2,141,11178.417316666668,0.0,9.437500000000004,-2.0,-7.0,13914.625304875282
958,45611,5,19.360000000000003,54,2,134,25093.04262154195,-1.0,0.0,-3.0,-18.0,1911.2550532879832
958,45611,6,19.360000000000003,51,1,116,27004.297674829933,0.0,0.0,-2.0,-6.0,1044.1554501700703
958,45611,7,19.360000000000003,49,1,110,28048.453125000004,0.0,5.639999999999997,5.0,8.0,4033.6315326530603
958,45656,1,1.0,55,2,159,45818.241388888884,0.0,1.25,-1.0,-3.0,-23314.871666666662
958,45656,2,2.25,54,2,156,22503.36972222222,0.0,1.3599999999999999,5.0,-6.0,46284.53369444444
958,45656,3,3.61,59,2,150,68787.90341666667,0.0,0.8000000000000003,-3.0,-9.0,-57609.4861
958,45656,4,4.41,56,2,141,11178.417316666668,0.0,1.5925000000000011,-2.0,-7.0,13914.625304875282
1040,45570,1,4.0,55,1,159,45818.241388888884,0.0,0.0,-1.0,-3.0,-23314.871666666662
1040,45570,2,4.0,54,1,156,22503.36972222222,0.0,1.2899999999999991,5.0,-6.0,46284.53369444444
1040,45570,3,5.289999999999999,59,1,150,68787.90341666667,0.0,0.47000000000000064,-3.0,-9.0,-57609.4861
1040,45570,4,5.76,56,1,141,11178.417316666668,0.0,0.0,-2.0,-7.0,13914.625304875282
1040,45570,5,5.76,54,1,134,25093.04262154195,0.0,0.4900000000000002,-3.0,-18.0,1911.2550532879832
1040,45570,6,6.25,51,1,116,27004.297674829933,0.0,0.0,-2.0,-6.0,1044.1554501700703
1040,45570,7,6.25,49,1,110,28048.453125000004,0.0,0.0,5.0,8.0,4033.6315326530603
358,1618,1,388.09,55,1,159,45818.241388888884,0.0,74.16000000000003,-1.0,-3.0,-23314.871666666662
358,1618,2,462.25,54,1,156,22503.36972222222,0.0,99.43999999999994,5.0,-6.0,46284.53369444444
358,1618,3,561.6899999999999,59,1,150,68787.90341666667,0.0,114.31000000000006,-3.0,-9.0,-57609.4861
358,1618,4,676.0,56,1,141,11178.417316666668,0.0,47.6099999999999,-2.0,-7.0,13914.625304875282
358,1618,5,723.6099999999999,54,1,134,25093.04262154195,0.0,88.6400000000001,-3.0,-18.0,1911.2550532879832
358,1618,6,812.25,51,1,116,27004.297674829933,0.0,81.75999999999988,-2.0,-6.0,1044.1554501700703
358,1618,7,894.0099999999999,49,1,110,28048.453125000004,0.0,18.030000000000086,5.0,8.0,4033.6315326530603
360,261792,2,1.0,54,1,156,22503.36972222222,0.0,11.96,5.0,-6.0,46284.53369444444
360,261792,3,12.96,59,1,150,68787.90341666667,0.0,5.529999999999998,-3.0,-9.0,-57609.4861
360,261792,4,18.49,56,1,141,11178.417316666668,0.0,0.0,-2.0,-7.0,13914.625304875282
360,261792,5,18.49,54,1,134,25093.04262154195,0.0,0.0,-3.0,-18.0,1911.2550532879832
361,45549,1,4.0,55,4,159,45818.241388888884,-1.0,2.25,-1.0,-3.0,-23314.871666666662
361,45549,2,6.25,54,3,156,22503.36972222222,0.0,3.990000000000002,5.0,-6.0,46284.53369444444
361,45549,3,10.240000000000002,59,3,150,68787.90341666667,1.0,1.3199999999999967,-3.0,-9.0,-57609.4861
361,45549,4,11.559999999999999,56,4,141,11178.417316666668,0.0,0.6900000000000013,-2.0,-7.0,13914.625304875282
361,45549,5,12.25,54,4,134,25093.04262154195,-1.0,2.1899999999999995,-3.0,-18.0,1911.2550532879832
361,45549,6,14.44,51,3,116,27004.297674829933,0.0,0.7699999999999996,-2.0,-6.0,1044.1554501700703
361,45559,1,4.0,55,4,159,45818.241388888884,-1.0,0.0,-1.0,-3.0,-23314.871666666662
361,45559,2,4.0,54,3,156,22503.36972222222,0.0,3.290000000000001,5.0,-6.0,46284.53369444444
361,45559,3,7.290000000000001,59,3,150,68787.90341666667,1.0,-0.5300000000000002,-3.0,-9.0,-57609.4861
361,45559,4,6.760000000000001,56,4,141,11178.417316666668,0.0,0.0,-2.0,-7.0,13914.625304875282
361,45649,1,4.0,55,4,159,45818.241388888884,-1.0,5.0,-1.0,-3.0,-23314.871666666662
361,45649,2,9.0,54,3,156,22503.36972222222,0.0,1.8899999999999988,5.0,-6.0,46284.53369444444
361,45649,3,10.889999999999999,59,3,150,68787.90341666667,1.0,1.3600000000000012,-3.0,-9.0,-57609.4861
361,45649,4,12.25,56,4,141,11178.417316666668,0.0,0.0,-2.0,-7.0,13914.625304875282
361,45649,5,12.25,54,4,134,25093.04262154195,-1.0,0.0,-3.0,-18.0,1911.2550532879832
361,45649,6,12.25,51,3,116,27004.297674829933,0.0,0.0,-2.0,-6.0,1044.1554501700703
361,45649,7,12.25,49,3,110,28048.453125000004,0.0,0.0,5.0,8.0,4033.6315326530603
361,322177,4,1.6900000000000002,56,4,141,11178.417316666668,0.0,0.5599999999999998,-2.0,-7.0,13914.625304875282
361,322177,5,2.25,54,4,134,25093.04262154195,-1.0,-0.29000000000000026,-3.0,-18.0,1911.2550532879832
361,322177,6,1.9599999999999997,51,3,116,27004.297674829933,0.0,0.0,-2.0,-6.0,1044.1554501700703
361,322177,7,1.9599999999999997,49,3,110,28048.453125000004,0.0,1.6500000000000001,5.0,8.0,4033.6315326530603
362,45532,1,4.0,55,16,159,45818.241388888884,-2.0,0.0,-1.0,-3.0,-23314.871666666662
362,45532,2,4.0,54,14,156,22503.36972222222,-2.0,-1.75,5.0,-6.0,46284.53369444444
362,45532,3,2.25,59,12,150,68787.90341666667,1.0,0.9900000000000002,-3.0,-9.0,-57609.4861
362,45532,4,3.24,56,13,141,11178.417316666668,-2.0,0.7599999999999998,-2.0,-7.0,13914.625304875282
362,45532,5,4.0,54,11,134,25093.04262154195,0.0,0.41000000000000014,-3.0,-18.0,1911.2550532879832
362,45532,6,4.41,51,11,116,27004.297674829933,-3.0,0.0,-2.0,-6.0,1044.1554501700703
362,45532,7,4.41,49,8,110,28048.453125000004,-2.0,2.3500000000000005,5.0,8.0,4033.6315326530603
362,45543,1,6.25,55,16,159,45818.241388888884,-2.0,0.0,-1.0,-3.0,-23314.871666666662
362,45545,1,1.0,55,16,159,45818.241388888884,-2.0,0.0,-1.0,-3.0,-23314.871666666662
362,45553,1,56.25,55,16,159,45818.241388888884,-2.0,41.760000000000005,-1.0,-3.0,-23314.871666666662
362,45553,2,98.01,54,14,156,22503.36972222222,-2.0,3.999999999999986,5.0,-6.0,46284.53369444444
362,45553,3,102.00999999999999,59,12,150,68787.90341666667,1.0,61.83000000000004,-3.0,-9.0,-57609.4861
362,45553,4,163.84000000000003,56,13,141,11178.417316666668,-2.0,82.64999999999995,-2.0,-7.0,13914.625304875282
362,45553,5,246.48999999999998,54,11,134,25093.04262154195,0.0,70.35000000000005,-3.0,-18.0,1911.2550532879832
362,45553,6,316.84000000000003,51,11,116,27004.297674829933,-3.0,44.15999999999997,-2.0,-6.0,1044.1554501700703
362,45553,7,361.0,49,8,110,28048.453125000004,-2.0,101.25,5.0,8.0,4033.6315326530603
362,45561,1,4.0,55,16,159,45818.241388888884,-2.0,2.25,-1.0,-3.0,-23314.871666666662
362,45561,2,6.25,54,14,156,22503.36972222222,-2.0,21.84,5.0,-6.0,46284.53369444444
362,45561,3,28.09,59,12,150,68787.90341666667,1.0,4.400000000000002,-3.0,-9.0,-57609.4861
362,45561,4,32.49,56,13,141,11178.417316666668,-2.0,1.1499999999999986,-2.0,-7.0,13914.625304875282
362,45561,5,33.64,54,11,134,25093.04262154195,0.0,3.569999999999993,-3.0,-18.0,1911.2550532879832
362,45561,6,37.209999999999994,51,11,116,27004.297674829933,-3.0,-6.959999999999994,-2.0,-6.0,1044.1554501700703
362,45561,7,30.25,49,8,110,28048.453125000004,-2.0,0.0,5.0,8.0,4033.6315326530603
362,45583,1,20.25,55,16,159,45818.241388888884,-2.0,10.0,-1.0,-3.0,-23314.871666666662
362,45583,2,30.25,54,14,156,22503.36972222222,-2.0,18.75,5.0,-6.0,46284.53369444444
362,45583,3,49.0,59,12,150,68787.90341666667,1.0,19.890000000000015,-3.0,-9.0,-57609.4861
362,45583,4,68.89000000000001,56,13,141,11178.417316666668,-2.0,0.0,-2.0,-7.0,13914.625304875282
362,45583,5,68.89000000000001,54,11,134,25093.04262154195,0.0,-3.2800000000000153,-3.0,-18.0,1911.2550532879832
362,45597,1,30.25,55,16,159,45818.241388888884,-2.0,6.959999999999994,-1.0,-3.0,-23314.871666666662
362,45597,2,37.209999999999994,54,14,156,22503.36972222222,-2.0,22.080000000000013,5.0,-6.0,46284.53369444444
362,45597,3,59.290000000000006,59,12,150,68787.90341666667,1.0,4.709999999999994,-3.0,-9.0,-57609.4861
362,45597,4,64.0,56,13,141,11178.417316666668,-2.0,8.25,-2.0,-7.0,13914.625304875282
362,45597,5,72.25,54,11,134,25093.04262154195,0.0,12.389999999999986,-3.0,-18.0,1911.2550532879832
362,45597,6,84.63999999999999,51,11,116,27004.297674829933,-3.0,1.8500000000000227,-2.0,-6.0,1044.1554501700703
362,45597,7,86.49000000000001,49,8,110,28048.453125000004,-2.0,32.31999999999999,5.0,8.0,4033.6315326530603
362,45603,1,20.25,55,16,159,45818.241388888884,-2.0,4.75,-1.0,-3.0,-23314.871666666662
362,45603,2,25.0,54,14,156,22503.36972222222,-2.0,25.409999999999997,5.0,-6.0,46284.53369444444
362,45603,3,50.41,59,12,150,68787.90341666667,1.0,4.3500000000000085,-3.0,-9.0,-57609.4861
362,45603,4,54.760000000000005,56,13,141,11178.417316666668,-2.0,19.19999999999999,-2.0,-7.0,13914.625304875282
362,45603,5,73.96,54,11,134,25093.04262154195,0.0,58.290000000000006,-3.0,-18.0,1911.2550532879832
362,45603,6,132.25,51,11,116,27004.297674829933,-3.0,34.16,-2.0,-6.0,1044.1554501700703
362,45606,1,2.25,55,16,159,45818.241388888884,-2.0,1.75,-1.0,-3.0,-23314.871666666662
362,45606,2,4.0,54,14,156,22503.36972222222,-2.0,17.159999999999997,5.0,-6.0,46284.53369444444
362,45606,3,21.159999999999997,59,12,150,68787.90341666667,1.0,3.8400000000000034,-3.0,-9.0,-57609.4861
362,45606,4,25.0,56,13,141,11178.417316666668,-2.0,0.0,-2.0,-7.0,13914.625304875282
362,45621,1,2.25,55,16,159,45818.241388888884,-2.0,0.0,-1.0,-3.0,-23314.871666666662
362,45621,2,2.25,54,14,156,22503.36972222222,-2.0,3.039999999999999,5.0,-6.0,46284.53369444444
362,45621,3,5.289999999999999,59,12,150,68787.90341666667,1.0,0.0,-3.0,-9.0,-57609.4861
362,45625,1,1.0,55,16,159,45818.241388888884,-2.0,0.0,-1.0,-3.0,-23314.871666666662
362,45625,2,1.0,54,14,156,22503.36972222222,-2.0,0.9599999999999997,5.0,-6.0,46284.53369444444
362,45625,3,1.9599999999999997,59,12,150,68787.90341666667,1.0,-0.5199999999999998,-3.0,-9.0,-57609.4861
362,45631,1,2.25,55,16,159,45818.241388888884,-2.0,0.8125,-1.0,-3.0,-23314.871666666662
362,45631,2,3.0625,54,14,156,22503.36972222222,-2.0,16.297500000000003,5.0,-6.0,46284.53369444444
362,45631,3,19.360000000000003,59,12,150,68787.90341666667,1.0,4.650000000000002,-3.0,-9.0,-57609.4861
362,45631,4,24.010000000000005,56,13,141,11178.417316666668,-2.0,1.999999999999993,-2.0,-7.0,13914.625304875282
362,45631,5,26.009999999999998,54,11,134,25093.04262154195,0.0,5.349999999999998,-3.0,-18.0,1911.2550532879832
362,45631,6,31.359999999999996,51,11,116,27004.297674829933,-3.0,0.0,-2.0,-6.0,1044.1554501700703
362,45631,7,31.359999999999996,49,8,110,28048.453125000004,-2.0,3.4500000000000064,5.0,8.0,4033.6315326530603
362,45634,1,64.0,55,16,159,45818.241388888884,-2.0,20.639999999999986,-1.0,-3.0,-23314.871666666662
362,45634,2,84.63999999999999,54,14,156,22503.36972222222,-2.0,17.370000000000005,5.0,-6.0,46284.53369444444
362,45634,3,102.00999999999999,59,12,150,68787.90341666667,1.0,30.24000000000001,-3.0,-9.0,-57609.4861
362,45634,4,132.25,56,13,141,11178.417316666668,-2.0,86.79000000000002,-2.0,-7.0,13914.625304875282
362,45634,5,219.04000000000002,54,11,134,25093.04262154195,0.0,66.56999999999994,-3.0,-18.0,1911.2550532879832
362,45634,6,285.60999999999996,51,11,116,27004.297674829933,-3.0,6.800000000000068,-2.0,-6.0,1044.1554501700703
362,47724,1,4.0,55,16,159,45818.241388888884,-2.0,0.0,-1.0,-3.0,-23314.871666666662
362,47724,2,4.0,54,14,156,22503.36972222222,-2.0,5.610000000000001,5.0,-6.0,46284.53369444444
362,47724,3,9.610000000000001,59,12,150,68787.90341666667,1.0,0.0,-3.0,-9.0,-57609.4861
362,47724,4,9.610000000000001,56,13,141,11178.417316666668,-2.0,0.6300000000000008,-2.0,-7.0,13914.625304875282
362,47724,5,10.240000000000002,54,11,134,25093.04262154195,0.0,0.0,-3.0,-18.0,1911.2550532879832
362,47724,6,10.240000000000002,51,11,116,27004.297674829933,-3.0,2.719999999999999,-2.0,-6.0,1044.1554501700703
362,47724,7,12.96,49,8,110,28048.453125000004,-2.0,-11.000000000000002,5.0,8.0,4033.6315326530603
362,322181,4,1.2100000000000002,56,13,141,11178.417316666668,-2.0,0.22999999999999976,-2.0,-7.0,13914.625304875282
362,322181,5,1.44,54,11,134,25093.04262154195,0.0,-0.22999999999999976,-3.0,-18.0,1911.2550532879832
762,45552,1,4.0,55,3,159,45818.241388888884,0.0,0.0,-1.0,-3.0,-23314.871666666662
762,45552,2,4.0,54,3,156,22503.36972222222,1.0,1.2899999999999991,5.0,-6.0,46284.53369444444
762,45552,3,5.289999999999999,59,4,150,68787.90341666667,0.0,0.0,-3.0,-9.0,-57609.4861
762,45552,4,5.289999999999999,56,4,141,11178.417316666668,0.0,0.0,-2.0,-7.0,13914.625304875282
762,45637,1,2.25,55,3,159,45818.241388888884,0.0,0.0,-1.0,-3.0,-23314.871666666662
762,45637,2,2.25,54,3,156,22503.36972222222,1.0,4.0,5.0,-6.0,46284.53369444444
762,45637,3,6.25,59,4,150,68787.90341666667,0.0,1.040000000000001,-3.0,-9.0,-57609.4861
762,45637,4,7.290000000000001,56,4,141,11178.417316666668,0.0,0.0,-2.0,-7.0,13914.625304875282
762,45637,5,7.290000000000001,54,4,134,25093.04262154195,-1.0,0.549999999999998,-3.0,-18.0,1911.2550532879832
762,45637,6,7.839999999999999,51,3,116,27004.297674829933,-1.0,0.0,-2.0,-6.0,1044.1554501700703
762,45662,1,36.0,55,3,159,45818.241388888884,0.0,10.239999999999995,-1.0,-3.0,-23314.871666666662
762,45662,2,46.239999999999995,54,3,156,22503.36972222222,1.0,7.050000000000004,5.0,-6.0,46284.53369444444
762,45662,3,53.29,59,4,150,68787.90341666667,0.0,1.470000000000006,-3.0,-9.0,-57609.4861
762,45662,4,54.760000000000005,56,4,141,11178.417316666668,0.0,10.849999999999994,-2.0,-7.0,13914.625304875282
762,45662,5,65.61,54,4,134,25093.04262154195,-1.0,13.600000000000009,-3.0,-18.0,1911.2550532879832
762,298154,3,1.44,59,4,150,68787.90341666667,0.0,0.9625000000000004,-3.0,-9.0,-57609.4861
762,298154,4,2.4025000000000003,56,4,141,11178.417316666668,0.0,1.7999999999999994,-2.0,-7.0,13914.625304875282
762,298154,5,4.2025,54,4,134,25093.04262154195,-1.0,1.8000000000000016,-3.0,-18.0,1911.2550532879832
762,298154,6,6.002500000000001,51,3,116,27004.297674829933,-1.0,4.8874999999999975,-2.0,-6.0,1044.1554501700703
762,298154,7,10.889999999999999,49,2,110,28048.453125000004,-1.0,3.5500000000000007,5.0,8.0,4033.6315326530603
771,45566,1,1.0,55,3,159,45818.241388888884,2.0,0.0,-1.0,-3.0,-23314.871666666662
771,45635,1,1.0,55,3,159,45818.241388888884,2.0,0.0,-1.0,-3.0,-23314.871666666662
771,45635,2,1.0,54,5,156,22503.36972222222,-3.0,2.24,5.0,-6.0,46284.53369444444
771,45636,1,1.0,55,3,159,45818.241388888884,2.0,0.3611111111111107,-1.0,-3.0,-23314.871666666662
771,45636,2,1.3611111111111107,54,5,156,22503.36972222222,-3.0,0.07888888888888923,5.0,-6.0,46284.53369444444
326,261791,2,1.0,54,1,156,22503.36972222222,0.0,0.9599999999999997,5.0,-6.0,46284.53369444444
326,261791,3,1.9599999999999997,59,1,150,68787.90341666667,0.0,0.29000000000000026,-3.0,-9.0,-57609.4861
326,261791,4,2.25,56,1,141,11178.417316666668,1.0,0.0,-2.0,-7.0,13914.625304875282
326,340966,5,1.0,54,2,134,25093.04262154195,-1.0,0.2100000000000002,-3.0,-18.0,1911.2550532879832
326,340966,6,1.2100000000000002,51,1,116,27004.297674829933,0.0,0.0,-2.0,-6.0,1044.1554501700703
326,340966,7,1.2100000000000002,49,1,110,28048.453125000004,0.0,0.0,5.0,8.0,4033.6315326530603
172,45569,1,12.25,55,1,159,45818.241388888884,1.0,0.0,-1.0,-3.0,-23314.871666666662
172,45569,2,12.25,54,2,156,22503.36972222222,0.0,31.309999999999995,5.0,-6.0,46284.53369444444
172,45569,3,43.559999999999995,59,2,150,68787.90341666667,0.0,11.20000000000001,-3.0,-9.0,-57609.4861
172,45569,4,54.760000000000005,56,2,141,11178.417316666668,0.0,4.530000000000001,-2.0,-7.0,13914.625304875282
172,45569,5,59.290000000000006,54,2,134,25093.04262154195,0.0,3.1199999999999974,-3.0,-18.0,1911.2550532879832
172,45569,6,62.410000000000004,51,2,116,27004.297674829933,-1.0,6.480000000000011,-2.0,-6.0,1044.1554501700703
172,45569,7,68.89000000000001,49,1,110,28048.453125000004,0.0,12.109999999999985,5.0,8.0,4033.6315326530603
172,261800,2,1.0,54,2,156,22503.36972222222,0.0,1.8899999999999997,5.0,-6.0,46284.53369444444
172,261800,3,2.8899999999999997,59,2,150,68787.90341666667,0.0,3.870000000000001,-3.0,-9.0,-57609.4861
172,261800,4,6.760000000000001,56,2,141,11178.417316666668,0.0,0.0,-2.0,-7.0,13914.625304875282
172,261800,5,6.760000000000001,54,2,134,25093.04262154195,0.0,0.5300000000000002,-3.0,-18.0,1911.2550532879832
33,45615,1,1.0,55,1,159,45818.241388888884,0.0,0.0,-1.0,-3.0,-23314.871666666662
33,45615,2,1.0,54,1,156,22503.36972222222,0.0,0.2100000000000002,5.0,-6.0,46284.53369444444
33,45615,3,1.2100000000000002,59,1,150,68787.90341666667,0.0,0.0,-3.0,-9.0,-57609.4861
33,45615,4,1.2100000000000002,56,1,141,11178.417316666668,0.0,0.0,-2.0,-7.0,13914.625304875282
33,45615,5,1.2100000000000002,54,1,134,25093.04262154195,0.0,0.22999999999999976,-3.0,-18.0,1911.2550532879832
33,476185,7,1.0,49,2,110,28048.453125000004,0.0,0.6900000000000002,5.0,8.0,4033.6315326530603
33,476186,7,1.0,49,2,110,28048.453125000004,0.0,0.43999999999999995,5.0,8.0,4033.6315326530603
379,45524,1,72.25,55,7,159,45818.241388888884,0.0,10.559999999999988,-1.0,-3.0,-23314.871666666662
379,45524,2,82.80999999999999,54,7,156,22503.36972222222,1.0,33.83000000000003,5.0,-6.0,46284.53369444444
379,45524,3,116.64000000000001,59,8,150,68787.90341666667,-1.0,13.319999999999993,-3.0,-9.0,-57609.4861
379,45524,4,129.96,56,7,141,11178.417316666668,1.0,0.0,-2.0,-7.0,13914.625304875282
379,45524,5,129.96,54,8,134,25093.04262154195,0.0,2.289999999999992,-3.0,-18.0,1911.2550532879832
379,45524,6,132.25,51,8,116,27004.297674829933,0.0,2.3100000000000023,-2.0,-6.0,1044.1554501700703
379,45524,7,134.56,49,8,110,28048.453125000004,0.0,2.329999999999984,5.0,8.0,4033.6315326530603
379,45580,1,16.0,55,7,159,45818.241388888884,0.0,4.25,-1.0,-3.0,-23314.871666666662
379,45580,2,20.25,54,7,156,22503.36972222222,1.0,-3.4400000000000013,5.0,-6.0,46284.53369444444
379,45588,1,16.0,55,7,159,45818.241388888884,0.0,4.25,-1.0,-3.0,-23314.871666666662
379,45588,2,20.25,54,7,156,22503.36972222222,1.0,25.989999999999995,5.0,-6.0,46284.53369444444
379,45588,3,46.239999999999995,59,8,150,68787.90341666667,-1.0,5.6000000000000085,-3.0,-9.0,-57609.4861
379,45588,4,51.84,56,7,141,11178.417316666668,1.0,4.409999999999997,-2.0,-7.0,13914.625304875282
379,45588,5,56.25,54,8,134,25093.04262154195,0.0,0.0,-3.0,-18.0,1911.2550532879832
379,45588,6,56.25,51,8,116,27004.297674829933,0.0,0.0,-2.0,-6.0,1044.1554501700703
379,45588,7,56.25,49,8,110,28048.453125000004,0.0,0.0,5.0,8.0,4033.6315326530603
379,45594,1,2.25,55,7,159,45818.241388888884,0.0,0.0,-1.0,-3.0,-23314.871666666662
379,45594,2,2.25,54,7,156,22503.36972222222,1.0,0.20444444444444443,5.0,-6.0,46284.53369444444
379,45594,3,2.4544444444444444,59,8,150,68787.90341666667,-1.0,0.10555555555555607,-3.0,-9.0,-57609.4861
379,45594,4,2.5600000000000005,56,7,141,11178.417316666668,1.0,0.8624999999999998,-2.0,-7.0,13914.625304875282
379,45594,5,3.4225000000000003,54,8,134,25093.04262154195,0.0,0.9874999999999998,-3.0,-18.0,1911.2550532879832
379,45594,6,4.41,51,8,116,27004.297674829933,0.0,0.4300000000000006,-2.0,-6.0,1044.1554501700703
379,45594,7,4.840000000000001,49,8,110,28048.453125000004,0.0,14.520000000000003,5.0,8.0,4033.6315326530603
379,45600,1,42.25,55,7,159,45818.241388888884,0.0,121.59000000000003,-1.0,-3.0,-23314.871666666662
379,45600,2,163.84000000000003,54,7,156,22503.36972222222,1.0,5.159999999999968,5.0,-6.0,46284.53369444444
379,45600,3,169.0,59,8,150,68787.90341666667,-1.0,44.16,-3.0,-9.0,-57609.4861
379,45600,4,213.16,56,7,141,11178.417316666668,1.0,2.9299999999999784,-2.0,-7.0,13914.625304875282
379,45600,5,216.08999999999997,54,8,134,25093.04262154195,0.0,21.07000000000005,-3.0,-18.0,1911.2550532879832
379,45600,6,237.16000000000003,51,8,116,27004.297674829933,0.0,31.799999999999955,-2.0,-6.0,1044.1554501700703
379,45600,7,268.96,49,8,110,28048.453125000004,0.0,58.65000000000009,5.0,8.0,4033.6315326530603
379,45618,1,7.5625,55,7,159,45818.241388888884,0.0,8.4375,-1.0,-3.0,-23314.871666666662
379,45618,2,16.0,54,7,156,22503.36972222222,1.0,18.810000000000002,5.0,-6.0,46284.53369444444
379,45618,3,34.81,59,8,150,68787.90341666667,-1.0,8.749999999999993,-3.0,-9.0,-57609.4861
379,45618,4,43.559999999999995,56,7,141,11178.417316666668,1.0,11.20000000000001,-2.0,-7.0,13914.625304875282
379,45618,5,54.760000000000005,54,8,134,25093.04262154195,0.0,7.649999999999999,-3.0,-18.0,1911.2550532879832
379,45618,6,62.410000000000004,51,8,116,27004.297674829933,0.0,1.5899999999999963,-2.0,-6.0,1044.1554501700703
379,45618,7,64.0,49,8,110,28048.453125000004,0.0,18.809999999999988,5.0,8.0,4033.6315326530603
379,45626,1,2.25,55,7,159,45818.241388888884,0.0,1.75,-1.0,-3.0,-23314.871666666662
379,45626,2,4.0,54,7,156,22503.36972222222,1.0,-0.19750000000000023,5.0,-6.0,46284.53369444444
379,45626,3,3.8024999999999998,59,8,150,68787.90341666667,-1.0,2.4475000000000002,-3.0,-9.0,-57609.4861
379,45626,4,6.25,56,7,141,11178.417316666668,1.0,13.110000000000003,-2.0,-7.0,13914.625304875282
379,45626,5,19.360000000000003,54,8,134,25093.04262154195,0.0,7.68,-3.0,-18.0,1911.2550532879832
379,45626,6,27.040000000000003,51,8,116,27004.297674829933,0.0,4.319999999999993,-2.0,-6.0,1044.1554501700703
379,45626,7,31.359999999999996,49,8,110,28048.453125000004,0.0,13.530000000000005,5.0,8.0,4033.6315326530603
379,298124,3,2.25,59,8,150,68787.90341666667,-1.0,0.6399999999999997,-3.0,-9.0,-57609.4861
379,298124,4,2.8899999999999997,56,7,141,11178.417316666668,1.0,0.35000000000000053,-2.0,-7.0,13914.625304875282
379,298124,5,3.24,54,8,134,25093.04262154195,0.0,0.0,-3.0,-18.0,1911.2550532879832
379,298124,6,3.24,51,8,116,27004.297674829933,0.0,0.0,-2.0,-6.0,1044.1554501700703
379,298124,7,3.24,49,8,110,28048.453125000004,0.0,2.049999999999999,5.0,8.0,4033.6315326530603
379,340967,5,1.6900000000000002,54,8,134,25093.04262154195,0.0,1.1999999999999995,-3.0,-18.0,1911.2550532879832
379,340967,6,2.8899999999999997,51,8,116,27004.297674829933,0.0,0.0,-2.0,-6.0,1044.1554501700703
379,340967,7,2.8899999999999997,49,8,110,28048.453125000004,0.0,0.35000000000000053,5.0,8.0,4033.6315326530603
738,298153,3,1.2100000000000002,59,1,150,68787.90341666667,0.0,8.4,-3.0,-9.0,-57609.4861
738,298153,4,9.610000000000001,56,1,141,11178.417316666668,0.0,2.639999999999999,-2.0,-7.0,13914.625304875282
750,45616,1,20.25,55,1,159,45818.241388888884,0.0,0.0,-1.0,-3.0,-23314.871666666662
750,45616,2,20.25,54,1,156,22503.36972222222,0.0,10.0,5.0,-6.0,46284.53369444444
750,45616,3,30.25,59,1,150,68787.90341666667,0.0,-1.0899999999999963,-3.0,-9.0,-57609.4861
158,45525,1,90.25,55,1,159,45818.241388888884,0.0,13.789999999999992,-1.0,-3.0,-23314.871666666662
158,45525,2,104.03999999999999,54,1,156,22503.36972222222,0.0,-48.53749999999999,5.0,-6.0,46284.53369444444
158,45525,3,55.502500000000005,59,1,150,68787.90341666667,0.0,-25.98138888888889,-3.0,-9.0,-57609.4861
158,45525,4,29.521111111111114,56,1,141,11178.417316666668,0.0,0.7288888888888856,-2.0,-7.0,13914.625304875282
158,45525,5,30.25,54,1,134,25093.04262154195,0.0,29.8125,-3.0,-18.0,1911.2550532879832
158,45525,6,60.0625,51,1,116,27004.297674829933,0.0,-2.302500000000002,-2.0,-6.0,1044.1554501700703
158,45525,7,57.76,49,1,110,28048.453125000004,0.0,-46.369375,5.0,8.0,4033.6315326530603
465,45652,1,90.25,55,4,159,45818.241388888884,-2.0,0.0,-1.0,-3.0,-23314.871666666662
465,45652,2,90.25,54,2,156,22503.36972222222,0.0,7.760000000000005,5.0,-6.0,46284.53369444444
465,45657,1,81.0,55,4,159,45818.241388888884,-2.0,0.0,-1.0,-3.0,-23314.871666666662
465,45657,2,81.0,54,2,156,22503.36972222222,0.0,11.159999999999997,5.0,-6.0,46284.53369444444
1120,48440,1,1.0,55,1,159,45818.241388888884,0.0,0.0,-1.0,-3.0,-23314.871666666662
1120,48440,2,1.0,54,1,156,22503.36972222222,0.0,1.1025,5.0,-6.0,46284.53369444444
1120,48440,3,2.1025,59,1,150,68787.90341666667,0.0,0.14749999999999996,-3.0,-9.0,-57609.4861
1120,48440,4,2.25,56,1,141,11178.417316666668,0.0,0.3100000000000005,-2.0,-7.0,13914.625304875282
1120,48440,5,2.5600000000000005,54,1,134,25093.04262154195,0.0,0.3299999999999992,-3.0,-18.0,1911.2550532879832
1120,48440,6,2.8899999999999997,51,1,116,27004.297674829933,0.0,0.0,-2.0,-6.0,1044.1554501700703
1120,48440,7,2.8899999999999997,49,1,110,28048.453125000004,0.0,-1.4499999999999997,5.0,8.0,4033.6315326530603
998,45550,1,6.25,55,3,159,45818.241388888884,0.0,0.0,-1.0,-3.0,-23314.871666666662
998,45550,4,5.76,56,2,141,11178.417316666668,0.0,0.0,-2.0,-7.0,13914.625304875282
998,45550,5,5.76,54,2,134,25093.04262154195,0.0,1.0000000000000009,-3.0,-18.0,1911.2550532879832
998,45550,6,6.760000000000001,51,2,116,27004.297674829933,0.0,0.5300000000000002,-2.0,-6.0,1044.1554501700703
998,45550,7,7.290000000000001,49,2,110,28048.453125000004,0.0,1.1199999999999992,5.0,8.0,4033.6315326530603
998,45573,1,12.25,55,3,159,45818.241388888884,0.0,0.0,-1.0,-3.0,-23314.871666666662
998,45641,1,4.0,55,3,159,45818.241388888884,0.0,2.25,-1.0,-3.0,-23314.871666666662
998,45641,2,6.25,54,3,156,22503.36972222222,-2.0,6.710000000000001,5.0,-6.0,46284.53369444444
998,45641,3,12.96,59,1,150,68787.90341666667,1.0,-0.7100000000000009,-3.0,-9.0,-57609.4861
998,45641,4,12.25,56,2,141,11178.417316666668,0.0,0.7100000000000009,-2.0,-7.0,13914.625304875282
998,45641,5,12.96,54,2,134,25093.04262154195,0.0,2.2499999999999982,-3.0,-18.0,1911.2550532879832
998,45641,6,15.209999999999999,51,2,116,27004.297674829933,0.0,0.0,-2.0,-6.0,1044.1554501700703
998,45641,7,15.209999999999999,49,2,110,28048.453125000004,0.0,1.5999999999999996,5.0,8.0,4033.6315326530603
1155,45562,1,1.0,55,2,159,45818.241388888884,0.0,0.0,-1.0,-3.0,-23314.871666666662
1155,45562,2,1.0,54,2,156,22503.36972222222,1.0,0.43999999999999995,5.0,-6.0,46284.53369444444
1155,45562,3,1.44,59,3,150,68787.90341666667,0.0,0.81,-3.0,-9.0,-57609.4861
1155,45562,4,2.25,56,3,141,11178.417316666668,0.0,-0.29000000000000026,-2.0,-7.0,13914.625304875282
1155,45633,1,1.0,55,2,159,45818.241388888884,0.0,0.0,-1.0,-3.0,-23314.871666666662
1155,45633,2,1.0,54,2,156,22503.36972222222,1.0,3.8400000000000007,5.0,-6.0,46284.53369444444
1155,45633,3,4.840000000000001,59,3,150,68787.90341666667,0.0,1.92,-3.0,-9.0,-57609.4861
1155,45633,4,6.760000000000001,56,3,141,11178.417316666668,0.0,0.0,-2.0,-7.0,13914.625304875282
1155,45633,5,6.760000000000001,54,3,134,25093.04262154195,-2.0,1.6499999999999995,-3.0,-18.0,1911.2550532879832
1155,45633,6,8.41,51,1,116,27004.297674829933,0.0,0.5899999999999999,-2.0,-6.0,1044.1554501700703
1155,45633,7,9.0,49,1,110,28048.453125000004,0.0,1.8899999999999988,5.0,8.0,4033.6315326530603
1155,298142,3,1.2100000000000002,59,3,150,68787.90341666667,0.0,0.22999999999999976,-3.0,-9.0,-57609.4861
935,45565,1,9.0,55,2,159,45818.241388888884,0.0,3.25,-1.0,-3.0,-23314.871666666662
935,45565,2,12.25,54,2,156,22503.36972222222,-1.0,48.589999999999996,5.0,-6.0,46284.53369444444
935,45565,3,60.839999999999996,59,1,150,68787.90341666667,0.0,25.650000000000013,-3.0,-9.0,-57609.4861
935,45565,4,86.49000000000001,56,1,141,11178.417316666668,0.0,1.8700000000000045,-2.0,-7.0,13914.625304875282
935,45565,5,88.36000000000001,54,1,134,25093.04262154195,0.0,1.8899999999999864,-3.0,-18.0,1911.2550532879832
935,45565,6,90.25,51,1,116,27004.297674829933,0.0,9.75,-2.0,-6.0,1044.1554501700703
935,45565,7,100.0,49,1,110,28048.453125000004,1.0,82.25,5.0,8.0,4033.6315326530603
935,45645,1,81.0,55,2,159,45818.241388888884,0.0,7.360000000000014,-1.0,-3.0,-23314.871666666662
1576,45523,1,1.5625,55,25,159,45818.241388888884,0.0,0.6875,-1.0,-3.0,-23314.871666666662
1576,45523,2,2.25,54,25,156,22503.36972222222,0.0,0.6399999999999997,5.0,-6.0,46284.53369444444
1576,45523,3,2.8899999999999997,59,25,150,68787.90341666667,-3.0,0.0,-3.0,-9.0,-57609.4861
1576,45523,4,2.8899999999999997,56,22,141,11178.417316666668,-3.0,0.35000000000000053,-2.0,-7.0,13914.625304875282
1576,45523,5,3.24,54,19,134,25093.04262154195,-5.0,0.36999999999999966,-3.0,-18.0,1911.2550532879832
1576,45523,6,3.61,51,14,116,27004.297674829933,1.0,0.3900000000000001,-2.0,-6.0,1044.1554501700703
1576,45523,7,4.0,49,15,110,28048.453125000004,-2.0,3.290000000000001,5.0,8.0,4033.6315326530603
1576,45527,1,3.0625,55,25,159,45818.241388888884,0.0,2.0,-1.0,-3.0,-23314.871666666662
1576,45527,2,5.0625,54,25,156,22503.36972222222,0.0,1.96,5.0,-6.0,46284.53369444444
1576,45527,3,7.0225,59,25,150,68787.90341666667,-3.0,0.26750000000000096,-3.0,-9.0,-57609.4861
1576,45527,4,7.290000000000001,56,22,141,11178.417316666668,-3.0,0.549999999999998,-2.0,-7.0,13914.625304875282
1576,45527,5,7.839999999999999,54,19,134,25093.04262154195,-5.0,-2.8522222222222213,-3.0,-18.0,1911.2550532879832
1576,45527,6,4.987777777777778,51,14,116,27004.297674829933,1.0,0.4566666666666652,-2.0,-6.0,1044.1554501700703
1576,45527,7,5.444444444444443,49,15,110,28048.453125000004,-2.0,4.165555555555558,5.0,8.0,4033.6315326530603
1576,45531,1,1.0,55,25,159,45818.241388888884,0.0,0.0,-1.0,-3.0,-23314.871666666662
1576,45539,1,33.0625,55,25,159,45818.241388888884,0.0,1.1599999999999966,-1.0,-3.0,-23314.871666666662
1576,45539,2,34.2225,54,25,156,22503.36972222222,0.0,43.217500000000015,5.0,-6.0,46284.53369444444
1576,45540,1,4.0,55,25,159,45818.241388888884,0.0,2.25,-1.0,-3.0,-23314.871666666662
1576,45548,1,1.0,55,25,159,45818.241388888884,0.0,1.25,-1.0,-3.0,-23314.871666666662
1576,45548,2,2.25,54,25,156,22503.36972222222,0.0,-0.9275000000000002,5.0,-6.0,46284.53369444444
1576,45556,1,2.25,55,25,159,45818.241388888884,0.0,0.0,-1.0,-3.0,-23314.871666666662
1576,45572,1,1.0,55,25,159,45818.241388888884,0.0,0.0,-1.0,-3.0,-23314.871666666662
1576,45593,1,14.0625,55,25,159,45818.241388888884,0.0,4.0,-1.0,-3.0,-23314.871666666662
1576,45593,2,18.0625,54,25,156,22503.36972222222,0.0,-11.686875,5.0,-6.0,46284.53369444444
1576,45593,3,6.375624999999999,59,25,150,68787.90341666667,-3.0,-5.053125,-3.0,-9.0,-57609.4861
1576,45595,1,1.0,55,25,159,45818.241388888884,0.0,0.0,-1.0,-3.0,-23314.871666666662
1576,45595,2,1.0,54,25,156,22503.36972222222,0.0,0.6900000000000002,5.0,-6.0,46284.53369444444
1576,45595,3,1.6900000000000002,59,25,150,68787.90341666667,-3.0,0.0,-3.0,-9.0,-57609.4861
1576,45595,4,1.6900000000000002,56,22,141,11178.417316666668,-3.0,0.0,-2.0,-7.0,13914.625304875282
1576,45601,1,16.0,55,25,159,45818.241388888884,0.0,4.25,-1.0,-3.0,-23314.871666666662
1576,45602,1,1.5625,55,25,159,45818.241388888884,0.0,0.0,-1.0,-3.0,-23314.871666666662
1576,45602,2,1.5625,54,25,156,22503.36972222222,0.0,0.9975000000000005,5.0,-6.0,46284.53369444444
1576,45609,1,6.25,55,25,159,45818.241388888884,0.0,2.75,-1.0,-3.0,-23314.871666666662
1576,45609,4,3.61,56,22,141,11178.417316666668,-3.0,0.8000000000000003,-2.0,-7.0,13914.625304875282
1576,45609,5,4.41,54,19,134,25093.04262154195,-5.0,0.21249999999999947,-3.0,-18.0,1911.2550532879832
1576,45609,6,4.6225,51,14,116,27004.297674829933,1.0,0.21750000000000114,-2.0,-6.0,1044.1554501700703
1576,45609,7,4.840000000000001,49,15,110,28048.453125000004,-2.0,3.2824999999999998,5.0,8.0,4033.6315326530603
1576,45617,1,6.25,55,25,159,45818.241388888884,0.0,0.0,-1.0,-3.0,-23314.871666666662
1576,45617,2,6.25,54,25,156,22503.36972222222,0.0,3.360000000000001,5.0,-6.0,46284.53369444444
1576,45617,3,9.610000000000001,59,25,150,68787.90341666667,-3.0,-0.6100000000000012,-3.0,-9.0,-57609.4861
1576,45617,4,9.0,56,22,141,11178.417316666668,-3.0,1.240000000000002,-2.0,-7.0,13914.625304875282
1576,45627,1,12.25,55,25,159,45818.241388888884,0.0,-6.0,-1.0,-3.0,-23314.871666666662
1576,45627,2,6.25,54,25,156,22503.36972222222,0.0,-1.8399999999999999,5.0,-6.0,46284.53369444444
1576,45639,1,1.0,55,25,159,45818.241388888884,0.0,0.0,-1.0,-3.0,-23314.871666666662
1576,45639,2,1.0,54,25,156,22503.36972222222,0.0,2.24,5.0,-6.0,46284.53369444444
1576,45639,3,3.24,59,25,150,68787.90341666667,-3.0,-0.6799999999999997,-3.0,-9.0,-57609.4861
1576,45646,1,12.25,55,25,159,45818.241388888884,0.0,3.75,-1.0,-3.0,-23314.871666666662
1576,45646,2,16.0,54,25,156,22503.36972222222,0.0,9.0,5.0,-6.0,46284.53369444444
1576,45646,3,25.0,59,25,150,68787.90341666667,-3.0,2.0400000000000027,-3.0,-9.0,-57609.4861
1576,45646,4,27.040000000000003,56,22,141,11178.417316666668,-3.0,4.319999999999993,-2.0,-7.0,13914.625304875282
1576,45646,5,31.359999999999996,54,19,134,25093.04262154195,-5.0,-1.1099999999999959,-3.0,-18.0,1911.2550532879832
1576,45646,6,30.25,51,14,116,27004.297674829933,1.0,1.1099999999999959,-2.0,-6.0,1044.1554501700703
1576,45646,7,31.359999999999996,49,15,110,28048.453125000004,-2.0,-1.1099999999999959,5.0,8.0,4033.6315326530603
1576,45651,1,6.25,55,25,159,45818.241388888884,0.0,0.0,-1.0,-3.0,-23314.871666666662
1576,45651,2,6.25,54,25,156,22503.36972222222,0.0,2.75,5.0,-6.0,46284.53369444444
1576,45651,3,9.0,59,25,150,68787.90341666667,-3.0,1.8899999999999988,-3.0,-9.0,-57609.4861
1576,45651,4,10.889999999999999,56,22,141,11178.417316666668,-3.0,1.3600000000000012,-2.0,-7.0,13914.625304875282
1576,45651,5,12.25,54,19,134,25093.04262154195,-5.0,2.959999999999999,-3.0,-18.0,1911.2550532879832
1576,45654,1,1.0,55,25,159,45818.241388888884,0.0,0.0,-1.0,-3.0,-23314.871666666662
1576,45655,1,4.0,55,25,159,45818.241388888884,0.0,2.25,-1.0,-3.0,-23314.871666666662
1576,45655,2,6.25,54,25,156,22503.36972222222,0.0,4.639999999999999,5.0,-6.0,46284.53369444444
1576,45655,3,10.889999999999999,59,25,150,68787.90341666667,-3.0,0.0,-3.0,-9.0,-57609.4861
1576,45664,1,4.0,55,25,159,45818.241388888884,0.0,5.0,-1.0,-3.0,-23314.871666666662
1576,47725,1,2.25,55,25,159,45818.241388888884,0.0,0.0,-1.0,-3.0,-23314.871666666662
1576,47725,2,2.25,54,25,156,22503.36972222222,0.0,4.0,5.0,-6.0,46284.53369444444
1576,47725,3,6.25,59,25,150,68787.90341666667,-3.0,1.040000000000001,-3.0,-9.0,-57609.4861
1576,47725,4,7.290000000000001,56,22,141,11178.417316666668,-3.0,0.0,-2.0,-7.0,13914.625304875282
1576,261797,2,1.0,54,25,156,22503.36972222222,0.0,0.43999999999999995,5.0,-6.0,46284.53369444444
1576,261797,3,1.44,59,25,150,68787.90341666667,-3.0,0.0,-3.0,-9.0,-57609.4861
1576,261797,4,1.44,56,22,141,11178.417316666668,-3.0,0.5199999999999998,-2.0,-7.0,13914.625304875282
1576,261797,5,1.9599999999999997,54,19,134,25093.04262154195,-5.0,0.0,-3.0,-18.0,1911.2550532879832
1576,261797,6,1.9599999999999997,51,14,116,27004.297674829933,1.0,0.29000000000000026,-2.0,-6.0,1044.1554501700703
1576,261799,2,1.0,54,25,156,22503.36972222222,0.0,3.0,5.0,-6.0,46284.53369444444
1576,261799,3,4.0,59,25,150,68787.90341666667,-3.0,0.0,-3.0,-9.0,-57609.4861
1576,261799,4,4.0,56,22,141,11178.417316666668,-3.0,-1.2775000000000003,-2.0,-7.0,13914.625304875282
1576,261799,7,2.5600000000000005,49,15,110,28048.453125000004,-2.0,1.0499999999999994,5.0,8.0,4033.6315326530603
1576,261801,2,1.0,54,25,156,22503.36972222222,0.0,3.41,5.0,-6.0,46284.53369444444
1576,261801,3,4.41,59,25,150,68787.90341666667,-3.0,-0.41000000000000014,-3.0,-9.0,-57609.4861
1576,261801,4,4.0,56,22,141,11178.417316666668,-3.0,0.0,-2.0,-7.0,13914.625304875282
1576,261801,5,4.0,54,19,134,25093.04262154195,-5.0,0.0,-3.0,-18.0,1911.2550532879832
1576,261801,6,4.0,51,14,116,27004.297674829933,1.0,0.0,-2.0,-6.0,1044.1554501700703
1576,261801,7,4.0,49,15,110,28048.453125000004,-2.0,0.0,5.0,8.0,4033.6315326530603
1576,298123,3,1.6900000000000002,59,25,150,68787.90341666667,-3.0,1.1999999999999995,-3.0,-9.0,-57609.4861
1576,298123,4,2.8899999999999997,56,22,141,11178.417316666668,-3.0,0.0,-2.0,-7.0,13914.625304875282
1576,298123,5,2.8899999999999997,54,19,134,25093.04262154195,-5.0,-0.3299999999999992,-3.0,-18.0,1911.2550532879832
1576,298123,6,2.5600000000000005,51,14,116,27004.297674829933,1.0,-0.7375000000000003,-2.0,-6.0,1044.1554501700703
1576,298123,7,1.8225000000000002,49,15,110,28048.453125000004,-2.0,0.7375000000000003,5.0,8.0,4033.6315326530603
1576,298133,3,1.0,59,25,150,68787.90341666667,-3.0,0.43999999999999995,-3.0,-9.0,-57609.4861
1576,298133,4,1.44,56,22,141,11178.417316666668,-3.0,1.8000000000000003,-2.0,-7.0,13914.625304875282
1576,298133,7,3.61,49,15,110,28048.453125000004,-2.0,-0.36999999999999966,5.0,8.0,4033.6315326530603
1576,298140,3,1.2100000000000002,59,25,150,68787.90341666667,-3.0,0.0,-3.0,-9.0,-57609.4861
1576,298140,4,1.2100000000000002,56,22,141,11178.417316666668,-3.0,0.0,-2.0,-7.0,13914.625304875282
1576,298140,5,1.2100000000000002,54,19,134,25093.04262154195,-5.0,0.22999999999999976,-3.0,-18.0,1911.2550532879832
1576,298140,6,1.44,51,14,116,27004.297674829933,1.0,0.2500000000000002,-2.0,-6.0,1044.1554501700703
1576,298140,7,1.6900000000000002,49,15,110,28048.453125000004,-2.0,1.1999999999999995,5.0,8.0,4033.6315326530603
1576,298146,3,2.25,59,25,150,68787.90341666667,-3.0,0.6399999999999997,-3.0,-9.0,-57609.4861
1576,298146,4,2.8899999999999997,56,22,141,11178.417316666668,-3.0,1.950000000000001,-2.0,-7.0,13914.625304875282
1576,298146,5,4.840000000000001,54,19,134,25093.04262154195,-5.0,-0.6375000000000011,-3.0,-18.0,1911.2550532879832
1576,298146,6,4.2025,51,14,116,27004.297674829933,1.0,0.0,-2.0,-6.0,1044.1554501700703
1576,298146,7,4.2025,49,15,110,28048.453125000004,-2.0,0.8600000000000003,5.0,8.0,4033.6315326530603
1576,298147,3,1.6900000000000002,59,25,150,68787.90341666667,-3.0,1.1999999999999995,-3.0,-9.0,-57609.4861
1576,298147,4,2.8899999999999997,56,22,141,11178.417316666668,-3.0,0.0,-2.0,-7.0,13914.625304875282
1576,298147,5,2.8899999999999997,54,19,134,25093.04262154195,-5.0,1.1100000000000003,-3.0,-18.0,1911.2550532879832
1576,298147,6,4.0,51,14,116,27004.297674829933,1.0,0.0,-2.0,-6.0,1044.1554501700703
1576,298147,7,4.0,49,15,110,28048.453125000004,-2.0,0.0,5.0,8.0,4033.6315326530603
1576,298149,3,1.44,59,25,150,68787.90341666667,-3.0,-0.22999999999999976,-3.0,-9.0,-57609.4861
1576,298149,4,1.2100000000000002,56,22,141,11178.417316666668,-3.0,0.22999999999999976,-2.0,-7.0,13914.625304875282
1576,298149,5,1.44,54,19,134,25093.04262154195,-5.0,0.0,-3.0,-18.0,1911.2550532879832
1576,298151,3,1.9599999999999997,59,25,150,68787.90341666667,-3.0,0.0,-3.0,-9.0,-57609.4861
1576,322419,4,1.0,56,22,141,11178.417316666668,-3.0,0.43999999999999995,-2.0,-7.0,13914.625304875282
1576,322419,5,1.44,54,19,134,25093.04262154195,-5.0,0.2500000000000002,-3.0,-18.0,1911.2550532879832
1576,322419,6,1.6900000000000002,51,14,116,27004.297674829933,1.0,0.08777777777777795,-2.0,-6.0,1044.1554501700703
1576,322419,7,1.7777777777777781,49,15,110,28048.453125000004,-2.0,-0.08777777777777795,5.0,8.0,4033.6315326530603
1576,476188,7,1.44,49,15,110,28048.453125000004,-2.0,0.12250000000000005,5.0,8.0,4033.6315326530603
895,45586,1,1.0,55,4,159,45818.241388888884,0.0,1.25,-1.0,-3.0,-23314.871666666662
895,45586,2,2.25,54,4,156,22503.36972222222,0.0,0.7083999999999997,5.0,-6.0,46284.53369444444
895,45586,3,2.9583999999999997,59,4,150,68787.90341666667,-1.0,-0.5558999999999994,-3.0,-9.0,-57609.4861
895,45586,4,2.4025000000000003,56,3,141,11178.417316666668,0.0,0.8891326530612242,-2.0,-7.0,13914.625304875282
895,45586,5,3.2916326530612245,54,3,134,25093.04262154195,-1.0,1.402811791383221,-3.0,-18.0,1911.2550532879832
895,45586,6,4.6944444444444455,51,2,116,27004.297674829933,0.0,0.2933333333333321,-2.0,-6.0,1044.1554501700703
895,45586,7,4.987777777777778,49,2,110,28048.453125000004,1.0,0.7038548752834464,5.0,8.0,4033.6315326530603
895,45610,1,4.0,55,4,159,45818.241388888884,0.0,0.0,-1.0,-3.0,-23314.871666666662
895,45663,1,6.25,55,4,159,45818.241388888884,0.0,2.75,-1.0,-3.0,-23314.871666666662
895,45663,2,9.0,54,4,156,22503.36972222222,0.0,1.240000000000002,5.0,-6.0,46284.53369444444
895,261803,2,1.0,54,4,156,22503.36972222222,0.0,1.5600000000000005,5.0,-6.0,46284.53369444444
895,261803,3,2.5600000000000005,59,4,150,68787.90341666667,-1.0,0.0,-3.0,-9.0,-57609.4861
895,261803,4,2.5600000000000005,56,3,141,11178.417316666668,0.0,0.3299999999999992,-2.0,-7.0,13914.625304875282
895,261803,5,2.8899999999999997,54,3,134,25093.04262154195,-1.0,0.7200000000000002,-3.0,-18.0,1911.2550532879832
895,261803,6,3.61,51,2,116,27004.297674829933,0.0,0.3900000000000001,-2.0,-6.0,1044.1554501700703
895,261803,7,4.0,49,2,110,28048.453125000004,1.0,0.0,5.0,8.0,4033.6315326530603
895,298134,3,1.44,59,4,150,68787.90341666667,-1.0,0.5199999999999998,-3.0,-9.0,-57609.4861
895,298134,4,1.9599999999999997,56,3,141,11178.417316666668,0.0,0.9299999999999999,-2.0,-7.0,13914.625304875282
