species,census,n,m,S_t,N_t,E_t,dn,dm,dS,dN,dE
Blue jay,1986,0.2,18.78007091259191,20.0,92.0,541.1675599992918,0.0,0.0,-2.0,-6.0,-52.000148766845086
Blue jay,1987,0.2,18.78007091259191,18.0,86.0,489.16741123244674,0.3,0.0,6.0,28.0,149.5887045652214
Blue jay,1988,0.5,18.78007091259191,24.0,114.0,638.7561157976681,-0.3,0.0,-3.0,-12.0,-51.561296284493665
Blue jay,1989,0.2,18.78007091259191,21.0,102.0,587.1948195131745,0.0,0.0,5.0,32.0,169.76647504189418
Blue jay,1990,0.2,18.78007091259191,26.0,134.0,756.9612945550687,0.0,0.0,-1.0,-13.0,-94.83080373801465
Blue jay,1991,0.2,18.78007091259191,25.0,121.0,662.130490817054,0.0,0.0,0.0,9.0,98.21206532250051
Blue jay,1992,0.2,18.78007091259191,25.0,130.0,760.3425561395545,0.0,0.0,-4.0,-35.0,-245.2662580152604
Blue jay,1993,0.2,18.78007091259191,21.0,95.0,515.0762981242941,0.0,0.0,0.0,-10.0,-16.42080807526878
Blue jay,1994,0.2,18.78007091259191,21.0,85.0,498.65549004902533,0.0,0.0,-2.0,-11.0,54.74896776042334
Blue jay,1995,0.2,18.78007091259191,19.0,74.0,553.4044578094487,0.8,0.0,2.0,19.0,48.729717722541864
Blue jay,1996,1.0,18.78007091259191,21.0,93.0,602.1341755319905,-0.8,0.0,-2.0,-6.0,-81.22435643851725
Blue jay,1997,0.2,18.78007091259191,19.0,87.0,520.9098190934733,0.0,0.0,-1.0,-14.0,-129.70067374599694
Blue jay,1998,0.2,18.78007091259191,18.0,73.0,391.20914534747635,-0.2,0.0,-2.0,12.0,85.06387382409855
Blue jay,1999,0.0,18.78007091259191,16.0,85.0,476.2730191715749,0.0,0.0,2.0,5.0,3.440010963380473
Blue jay,2000,0.0,18.78007091259191,18.0,90.0,479.7130301349554,0.0,0.0,3.0,3.0,44.599534938248894
Blue jay,2001,0.0,18.78007091259191,21.0,93.0,524.3125650732043,0.0,0.0,-1.0,-21.0,-137.68102418134663
Blue jay,2002,0.0,18.78007091259191,20.0,72.0,386.63154089185764,0.2,0.0,-1.0,18.0,156.1055548649574
Blue jay,2003,0.2,18.78007091259191,19.0,90.0,542.737095756815,0.0,0.0,3.0,-12.0,-43.556870489634775
Blue jay,2004,0.2,18.78007091259191,22.0,78.0,499.1802252671803,0.8,0.0,-3.0,18.0,114.20527531547168
Blue jay,2005,1.0,18.78007091259191,19.0,96.0,613.385500582652,-0.8,0.0,4.0,13.0,82.12066491397024
Blue jay,2006,0.2,18.78007091259191,23.0,109.0,695.5061654966222,0.8,0.0,1.0,-8.0,-6.858380652262554
Blue jay,2007,1.0,18.78007091259191,24.0,101.0,688.6477848443596,-0.8,0.0,-2.0,-8.0,-91.34507924893
Blue jay,2008,0.2,18.78007091259191,22.0,93.0,597.3027055954296,0.0,0.0,-3.0,14.0,57.366118190624775
Blue jay,2009,0.2,18.78007091259191,19.0,107.0,654.6688237860544,0.0,0.0,4.0,2.0,27.50681673157078
Blue jay,2010,0.2,18.78007091259191,23.0,109.0,682.1756405176252,0.3,0.0,0.0,-12.0,-68.83183687628036
Blue jay,2011,0.5,18.78007091259191,23.0,97.0,613.3438036413448,-0.3,0.0,-2.0,9.0,65.51972751767255
Blue jay,2012,0.2,18.78007091259191,21.0,106.0,678.8635311590174,0.8,0.0,1.0,15.0,49.829950069092774
Blue jay,2013,1.0,18.78007091259191,22.0,121.0,728.6934812281102,-0.8,0.0,2.0,-7.0,-32.61267620037563
Blue jay,2014,0.2,18.78007091259191,24.0,114.0,696.0808050277345,1.8,0.0,0.0,1.0,130.57125964865213
Dryocopus pileatus,1986,0.2,41.71262450749502,20.0,92.0,541.1675599992918,-0.2,0.0,-2.0,-6.0,-52.000148766845086
Dryocopus pileatus,1987,0.0,41.71262450749502,18.0,86.0,489.16741123244674,0.0,0.0,6.0,28.0,149.5887045652214
Dryocopus pileatus,1988,0.0,41.71262450749502,24.0,114.0,638.7561157976681,0.2,0.0,-3.0,-12.0,-51.561296284493665
Dryocopus pileatus,1989,0.2,41.71262450749502,21.0,102.0,587.1948195131745,0.0,0.0,5.0,32.0,169.76647504189418
Dryocopus pileatus,1990,0.2,41.71262450749502,26.0,134.0,756.9612945550687,-0.2,0.0,-1.0,-13.0,-94.83080373801465
Dryocopus pileatus,1991,0.0,41.71262450749502,25.0,121.0,662.130490817054,0.2,0.0,0.0,9.0,98.21206532250051
Dryocopus pileatus,1992,0.2,41.71262450749502,25.0,130.0,760.3425561395545,-0.2,0.0,-4.0,-35.0,-245.2662580152604
Dryocopus pileatus,1993,0.0,41.71262450749502,21.0,95.0,515.0762981242941,0.0,0.0,0.0,-10.0,-16.42080807526878
Dryocopus pileatus,1994,0.0,41.71262450749502,21.0,85.0,498.65549004902533,0.0,0.0,-2.0,-11.0,54.74896776042334
Dryocopus pileatus,1995,0.0,41.71262450749502,19.0,74.0,553.4044578094487,0.0,0.0,2.0,19.0,48.729717722541864
Dryocopus pileatus,1996,0.0,41.71262450749502,21.0,93.0,602.1341755319905,0.0,0.0,-2.0,-6.0,-81.22435643851725
Dryocopus pileatus,1997,0.0,41.71262450749502,19.0,87.0,520.9098190934733,0.2,0.0,-1.0,-14.0,-129.70067374599694
Dryocopus pileatus,1998,0.2,41.71262450749502,18.0,73.0,391.20914534747635,-0.2,0.0,-2.0,12.0,85.06387382409855
Dryocopus pileatus,1999,0.0,41.71262450749502,16.0,85.0,476.2730191715749,0.0,0.0,2.0,5.0,3.440010963380473
Dryocopus pileatus,2000,0.0,41.71262450749502,18.0,90.0,479.7130301349554,0.2,0.0,3.0,3.0,44.599534938248894
Dryocopus pileatus,2001,0.2,41.71262450749502,21.0,93.0,524.3125650732043,0.0,0.0,-1.0,-21.0,-137.68102418134663
Dryocopus pileatus,2002,0.2,41.71262450749502,20.0,72.0,386.63154089185764,-0.2,0.0,-1.0,18.0,156.1055548649574
Dryocopus pileatus,2003,0.0,41.71262450749502,19.0,90.0,542.737095756815,0.2,0.0,3.0,-12.0,-43.556870489634775
Dryocopus pileatus,2004,0.2,41.71262450749502,22.0,78.0,499.1802252671803,-0.2,0.0,-3.0,18.0,114.20527531547168
Dryocopus pileatus,2005,0.0,41.71262450749502,19.0,96.0,613.385500582652,0.2,0.0,4.0,13.0,82.12066491397024
Dryocopus pileatus,2006,0.2,41.71262450749502,23.0,109.0,695.5061654966222,0.0,0.0,1.0,-8.0,-6.858380652262554
Dryocopus pileatus,2007,0.2,41.71262450749502,24.0,101.0,688.6477848443596,0.0,0.0,-2.0,-8.0,-91.34507924893
Dryocopus pileatus,2008,0.2,41.71262450749502,22.0,93.0,597.3027055954296,0.0,0.0,-3.0,14.0,57.366118190624775
Dryocopus pileatus,2009,0.2,41.71262450749502,19.0,107.0,654.6688237860544,0.0,0.0,4.0,2.0,27.50681673157078
Dryocopus pileatus,2010,0.2,41.71262450749502,23.0,109.0,682.1756405176252,0.0,0.0,0.0,-12.0,-68.83183687628036
Dryocopus pileatus,2011,0.2,41.71262450749502,23.0,97.0,613.3438036413448,0.0,0.0,-2.0,9.0,65.51972751767255
Dryocopus pileatus,2012,0.2,41.71262450749502,21.0,106.0,678.8635311590174,0.0,0.0,1.0,15.0,49.829950069092774
Dryocopus pileatus,2013,0.2,41.71262450749502,22.0,121.0,728.6934812281102,0.0,0.0,2.0,-7.0,-32.61267620037563
Dryocopus pileatus,2014,0.2,41.71262450749502,24.0,114.0,696.0808050277345,0.0,0.0,0.0,1.0,130.57125964865213
Contopus virens,1986,0.2,4.939965572698126,20.0,92.0,541.1675599992918,-0.2,0.0,-2.0,-6.0,-52.000148766845086
Contopus virens,1987,0.0,4.939965572698126,18.0,86.0,489.16741123244674,0.2,0.0,6.0,28.0,149.5887045652214
Contopus virens,1988,0.2,4.939965572698126,24.0,114.0,638.7561157976681,-0.2,0.0,-3.0,-12.0,-51.561296284493665
Contopus virens,1989,0.0,4.939965572698126,21.0,102.0,587.1948195131745,0.2,0.0,5.0,32.0,169.76647504189418
Contopus virens,1990,0.2,4.939965572698126,26.0,134.0,756.9612945550687,0.8,0.0,-1.0,-13.0,-94.83080373801465
Contopus virens,1991,1.0,4.939965572698126,25.0,121.0,662.130490817054,0.0,0.0,0.0,9.0,98.21206532250051
Contopus virens,1992,1.0,4.939965572698126,25.0,130.0,760.3425561395545,0.0,0.0,-4.0,-35.0,-245.2662580152604
Contopus virens,1993,1.0,4.939965572698126,21.0,95.0,515.0762981242941,0.0,0.0,0.0,-10.0,-16.42080807526878
Contopus virens,1994,1.0,4.939965572698126,21.0,85.0,498.65549004902533,-0.8,0.0,-2.0,-11.0,54.74896776042334
Contopus virens,1995,0.2,4.939965572698126,19.0,74.0,553.4044578094487,-0.2,0.0,2.0,19.0,48.729717722541864
Contopus virens,1996,0.0,4.939965572698126,21.0,93.0,602.1341755319905,0.0,0.0,-2.0,-6.0,-81.22435643851725
Contopus virens,1997,0.0,4.939965572698126,19.0,87.0,520.9098190934733,0.0,0.0,-1.0,-14.0,-129.70067374599694
Contopus virens,1998,0.0,4.939965572698126,18.0,73.0,391.20914534747635,0.0,0.0,-2.0,12.0,85.06387382409855
Contopus virens,1999,0.0,4.939965572698126,16.0,85.0,476.2730191715749,0.0,0.0,2.0,5.0,3.440010963380473
Contopus virens,2000,0.0,4.939965572698126,18.0,90.0,479.7130301349554,0.2,0.0,3.0,3.0,44.599534938248894
Contopus virens,2001,0.2,4.939965572698126,21.0,93.0,524.3125650732043,-0.2,0.0,-1.0,-21.0,-137.68102418134663
Contopus virens,2002,0.0,4.939965572698126,20.0,72.0,386.63154089185764,0.0,0.0,-1.0,18.0,156.1055548649574
Contopus virens,2003,0.0,4.939965572698126,19.0,90.0,542.737095756815,0.0,0.0,3.0,-12.0,-43.556870489634775
Contopus virens,2004,0.0,4.939965572698126,22.0,78.0,499.1802252671803,0.0,0.0,-3.0,18.0,114.20527531547168
Contopus virens,2005,0.0,4.939965572698126,19.0,96.0,613.385500582652,0.0,0.0,4.0,13.0,82.12066491397024
Contopus virens,2006,0.0,4.939965572698126,23.0,109.0,695.5061654966222,0.2,0.0,1.0,-8.0,-6.858380652262554
Contopus virens,2007,0.2,4.939965572698126,24.0,101.0,688.6477848443596,-0.2,0.0,-2.0,-8.0,-91.34507924893
Contopus virens,2008,0.0,4.939965572698126,22.0,93.0,597.3027055954296,0.0,0.0,-3.0,14.0,57.366118190624775
Contopus virens,2009,0.0,4.939965572698126,19.0,107.0,654.6688237860544,0.0,0.0,4.0,2.0,27.50681673157078
Contopus virens,2010,0.0,4.939965572698126,23.0,109.0,682.1756405176252,0.2,0.0,0.0,-12.0,-68.83183687628036
Contopus virens,2011,0.2,4.939965572698126,23.0,97.0,613.3438036413448,1.8,0.0,-2.0,9.0,65.51972751767255
Contopus virens,2012,2.0,4.939965572698126,21.0,106.0,678.8635311590174,0.0,0.0,1.0,15.0,49.829950069092774
Contopus virens,2013,2.0,4.939965572698126,22.0,121.0,728.6934812281102,-1.8,0.0,2.0,-7.0,-32.61267620037563
Contopus virens,2014,0.2,4.939965572698126,24.0,114.0,696.0808050277345,1.3,0.0,0.0,1.0,130.57125964865213
Black-capped chickadee,1986,0.0,4.453703146584429,20.0,92.0,541.1675599992918,0.2,0.0,-2.0,-6.0,-52.000148766845086
Black-capped chickadee,1987,0.2,4.453703146584429,18.0,86.0,489.16741123244674,0.0,0.0,6.0,28.0,149.5887045652214
Black-capped chickadee,1988,0.2,4.453703146584429,24.0,114.0,638.7561157976681,1.8,0.0,-3.0,-12.0,-51.561296284493665
Black-capped chickadee,1989,2.0,4.453703146584429,21.0,102.0,587.1948195131745,0.0,0.0,5.0,32.0,169.76647504189418
Black-capped chickadee,1990,2.0,4.453703146584429,26.0,134.0,756.9612945550687,-1.0,0.0,-1.0,-13.0,-94.83080373801465
Black-capped chickadee,1991,1.0,4.453703146584429,25.0,121.0,662.130490817054,2.0,0.0,0.0,9.0,98.21206532250051
Black-capped chickadee,1992,3.0,4.453703146584429,25.0,130.0,760.3425561395545,-1.0,0.0,-4.0,-35.0,-245.2662580152604
Black-capped chickadee,1993,2.0,4.453703146584429,21.0,95.0,515.0762981242941,0.0,0.0,0.0,-10.0,-16.42080807526878
Black-capped chickadee,1994,2.0,4.453703146584429,21.0,85.0,498.65549004902533,0.0,0.0,-2.0,-11.0,54.74896776042334
Black-capped chickadee,1995,2.0,4.453703146584429,19.0,74.0,553.4044578094487,-1.8,0.0,2.0,19.0,48.729717722541864
Black-capped chickadee,1996,0.2,4.453703146584429,21.0,93.0,602.1341755319905,1.8,0.0,-2.0,-6.0,-81.22435643851725
Black-capped chickadee,1997,2.0,4.453703146584429,19.0,87.0,520.9098190934733,-1.0,0.0,-1.0,-14.0,-129.70067374599694
Black-capped chickadee,1998,1.0,4.453703146584429,18.0,73.0,391.20914534747635,2.5,0.0,-2.0,12.0,85.06387382409855
Black-capped chickadee,1999,3.5,4.453703146584429,16.0,85.0,476.2730191715749,-3.3,0.0,2.0,5.0,3.440010963380473
Black-capped chickadee,2000,0.2,4.453703146584429,18.0,90.0,479.7130301349554,0.0,0.0,3.0,3.0,44.599534938248894
Black-capped chickadee,2001,0.2,4.453703146584429,21.0,93.0,524.3125650732043,0.0,0.0,-1.0,-21.0,-137.68102418134663
Black-capped chickadee,2002,0.2,4.453703146584429,20.0,72.0,386.63154089185764,1.8,0.0,-1.0,18.0,156.1055548649574
Black-capped chickadee,2003,2.0,4.453703146584429,19.0,90.0,542.737095756815,-1.0,0.0,3.0,-12.0,-43.556870489634775
Black-capped chickadee,2004,1.0,4.453703146584429,22.0,78.0,499.1802252671803,1.0,0.0,-3.0,18.0,114.20527531547168
Black-capped chickadee,2005,2.0,4.453703146584429,19.0,96.0,613.385500582652,2.0,0.0,4.0,13.0,82.12066491397024
Black-capped chickadee,2006,4.0,4.453703146584429,23.0,109.0,695.5061654966222,-1.0,0.0,1.0,-8.0,-6.858380652262554
Black-capped chickadee,2007,3.0,4.453703146584429,24.0,101.0,688.6477848443596,-3.0,0.0,-2.0,-8.0,-91.34507924893
Black-capped chickadee,2008,0.0,4.453703146584429,22.0,93.0,597.3027055954296,0.5,0.0,-3.0,14.0,57.366118190624775
Black-capped chickadee,2009,0.5,4.453703146584429,19.0,107.0,654.6688237860544,-0.3,0.0,4.0,2.0,27.50681673157078
Black-capped chickadee,2010,0.2,4.453703146584429,23.0,109.0,682.1756405176252,0.0,0.0,0.0,-12.0,-68.83183687628036
Black-capped chickadee,2011,0.2,4.453703146584429,23.0,97.0,613.3438036413448,0.0,0.0,-2.0,9.0,65.51972751767255
Black-capped chickadee,2012,0.2,4.453703146584429,21.0,106.0,678.8635311590174,2.3,0.0,1.0,15.0,49.829950069092774
Black-capped chickadee,2013,2.5,4.453703146584429,22.0,121.0,728.6934812281102,1.5,0.0,2.0,-7.0,-32.61267620037563
Black-capped chickadee,2014,4.0,4.453703146584429,24.0,114.0,696.0808050277345,-0.5,0.0,0.0,1.0,130.57125964865213
Downy woodpecker,1986,0.0,7.888781763378247,20.0,92.0,541.1675599992918,0.2,0.0,-2.0,-6.0,-52.000148766845086
Downy woodpecker,1987,0.2,7.888781763378247,18.0,86.0,489.16741123244674,1.3,0.0,6.0,28.0,149.5887045652214
Downy woodpecker,1988,1.5,7.888781763378247,24.0,114.0,638.7561157976681,0.5,0.0,-3.0,-12.0,-51.561296284493665
Downy woodpecker,1989,2.0,7.888781763378247,21.0,102.0,587.1948195131745,-1.8,0.0,5.0,32.0,169.76647504189418
Downy woodpecker,1990,0.2,7.888781763378247,26.0,134.0,756.9612945550687,1.3,0.0,-1.0,-13.0,-94.83080373801465
Downy woodpecker,1991,1.5,7.888781763378247,25.0,121.0,662.130490817054,0.5,0.0,0.0,9.0,98.21206532250051
Downy woodpecker,1992,2.0,7.888781763378247,25.0,130.0,760.3425561395545,-1.8,0.0,-4.0,-35.0,-245.2662580152604
Downy woodpecker,1993,0.2,7.888781763378247,21.0,95.0,515.0762981242941,2.3,0.0,0.0,-10.0,-16.42080807526878
Downy woodpecker,1994,2.5,7.888781763378247,21.0,85.0,498.65549004902533,-2.3,0.0,-2.0,-11.0,54.74896776042334
Downy woodpecker,1995,0.2,7.888781763378247,19.0,74.0,553.4044578094487,0.0,0.0,2.0,19.0,48.729717722541864
Downy woodpecker,1996,0.2,7.888781763378247,21.0,93.0,602.1341755319905,0.8,0.0,-2.0,-6.0,-81.22435643851725
Downy woodpecker,1997,1.0,7.888781763378247,19.0,87.0,520.9098190934733,-0.8,0.0,-1.0,-14.0,-129.70067374599694
Downy woodpecker,1998,0.2,7.888781763378247,18.0,73.0,391.20914534747635,0.8,0.0,-2.0,12.0,85.06387382409855
Downy woodpecker,1999,1.0,7.888781763378247,16.0,85.0,476.2730191715749,-0.8,0.0,2.0,5.0,3.440010963380473
Downy woodpecker,2000,0.2,7.888781763378247,18.0,90.0,479.7130301349554,-0.2,0.0,3.0,3.0,44.599534938248894
Downy woodpecker,2001,0.0,7.888781763378247,21.0,93.0,524.3125650732043,0.2,0.0,-1.0,-21.0,-137.68102418134663
Downy woodpecker,2002,0.2,7.888781763378247,20.0,72.0,386.63154089185764,1.8,0.0,-1.0,18.0,156.1055548649574
Downy woodpecker,2003,2.0,7.888781763378247,19.0,90.0,542.737095756815,0.0,0.0,3.0,-12.0,-43.556870489634775
Downy woodpecker,2004,2.0,7.888781763378247,22.0,78.0,499.1802252671803,-1.0,0.0,-3.0,18.0,114.20527531547168
Downy woodpecker,2005,1.0,7.888781763378247,19.0,96.0,613.385500582652,1.0,0.0,4.0,13.0,82.12066491397024
Downy woodpecker,2006,2.0,7.888781763378247,23.0,109.0,695.5061654966222,-1.8,0.0,1.0,-8.0,-6.858380652262554
Downy woodpecker,2007,0.2,7.888781763378247,24.0,101.0,688.6477848443596,0.0,0.0,-2.0,-8.0,-91.34507924893
Downy woodpecker,2008,0.2,7.888781763378247,22.0,93.0,597.3027055954296,-0.2,0.0,-3.0,14.0,57.366118190624775
Downy woodpecker,2009,0.0,7.888781763378247,19.0,107.0,654.6688237860544,3.0,0.0,4.0,2.0,27.50681673157078
Downy woodpecker,2010,3.0,7.888781763378247,23.0,109.0,682.1756405176252,-1.0,0.0,0.0,-12.0,-68.83183687628036
Downy woodpecker,2011,2.0,7.888781763378247,23.0,97.0,613.3438036413448,-1.8,0.0,-2.0,9.0,65.51972751767255
Downy woodpecker,2012,0.2,7.888781763378247,21.0,106.0,678.8635311590174,1.8,0.0,1.0,15.0,49.829950069092774
Downy woodpecker,2013,2.0,7.888781763378247,22.0,121.0,728.6934812281102,0.0,0.0,2.0,-7.0,-32.61267620037563
Downy woodpecker,2014,2.0,7.888781763378247,24.0,114.0,696.0808050277345,-1.8,0.0,0.0,1.0,130.57125964865213
Setophaga fusca,1986,2.0,4.053563156634045,20.0,92.0,541.1675599992918,-2.0,0.0,-2.0,-6.0,-52.000148766845086
Setophaga fusca,1987,0.0,4.053563156634045,18.0,86.0,489.16741123244674,0.2,0.0,6.0,28.0,149.5887045652214
Setophaga fusca,1988,0.2,4.053563156634045,24.0,114.0,638.7561157976681,1.8,0.0,-3.0,-12.0,-51.561296284493665
Setophaga fusca,1989,2.0,4.053563156634045,21.0,102.0,587.1948195131745,-1.0,0.0,5.0,32.0,169.76647504189418
Setophaga fusca,1990,1.0,4.053563156634045,26.0,134.0,756.9612945550687,1.5,0.0,-1.0,-13.0,-94.83080373801465
Setophaga fusca,1991,2.5,4.053563156634045,25.0,121.0,662.130490817054,0.5,0.0,0.0,9.0,98.21206532250051
Setophaga fusca,1992,3.0,4.053563156634045,25.0,130.0,760.3425561395545,-2.8,0.0,-4.0,-35.0,-245.2662580152604
Setophaga fusca,1993,0.2,4.053563156634045,21.0,95.0,515.0762981242941,-0.2,0.0,0.0,-10.0,-16.42080807526878
Setophaga fusca,1994,0.0,4.053563156634045,21.0,85.0,498.65549004902533,0.0,0.0,-2.0,-11.0,54.74896776042334
Setophaga fusca,1995,0.0,4.053563156634045,19.0,74.0,553.4044578094487,3.5,0.0,2.0,19.0,48.729717722541864
Setophaga fusca,1996,3.5,4.053563156634045,21.0,93.0,602.1341755319905,0.5,0.0,-2.0,-6.0,-81.22435643851725
Setophaga fusca,1997,4.0,4.053563156634045,19.0,87.0,520.9098190934733,-4.0,0.0,-1.0,-14.0,-129.70067374599694
Setophaga fusca,1998,0.0,4.053563156634045,18.0,73.0,391.20914534747635,0.0,0.0,-2.0,12.0,85.06387382409855
Setophaga fusca,1999,0.0,4.053563156634045,16.0,85.0,476.2730191715749,2.0,0.0,2.0,5.0,3.440010963380473
Setophaga fusca,2000,2.0,4.053563156634045,18.0,90.0,479.7130301349554,2.0,0.0,3.0,3.0,44.599534938248894
Setophaga fusca,2001,4.0,4.053563156634045,21.0,93.0,524.3125650732043,-1.0,0.0,-1.0,-21.0,-137.68102418134663
Setophaga fusca,2002,3.0,4.053563156634045,20.0,72.0,386.63154089185764,0.0,0.0,-1.0,18.0,156.1055548649574
Setophaga fusca,2003,3.0,4.053563156634045,19.0,90.0,542.737095756815,-1.0,0.0,3.0,-12.0,-43.556870489634775
Setophaga fusca,2004,2.0,4.053563156634045,22.0,78.0,499.1802252671803,2.0,0.0,-3.0,18.0,114.20527531547168
Setophaga fusca,2005,4.0,4.053563156634045,19.0,96.0,613.385500582652,-2.0,0.0,4.0,13.0,82.12066491397024
Setophaga fusca,2006,2.0,4.053563156634045,23.0,109.0,695.5061654966222,0.0,0.0,1.0,-8.0,-6.858380652262554
Setophaga fusca,2007,2.0,4.053563156634045,24.0,101.0,688.6477848443596,0.0,0.0,-2.0,-8.0,-91.34507924893
Setophaga fusca,2008,2.0,4.053563156634045,22.0,93.0,597.3027055954296,0.0,0.0,-3.0,14.0,57.366118190624775
Setophaga fusca,2009,2.0,4.053563156634045,19.0,107.0,654.6688237860544,2.0,0.0,4.0,2.0,27.50681673157078
Setophaga fusca,2010,4.0,4.053563156634045,23.0,109.0,682.1756405176252,0.0,0.0,0.0,-12.0,-68.83183687628036
Setophaga fusca,2011,4.0,4.053563156634045,23.0,97.0,613.3438036413448,0.0,0.0,-2.0,9.0,65.51972751767255
Setophaga fusca,2012,4.0,4.053563156634045,21.0,106.0,678.8635311590174,1.0,0.0,1.0,15.0,49.829950069092774
Setophaga fusca,2013,5.0,4.053563156634045,22.0,121.0,728.6934812281102,-2.5,0.0,2.0,-7.0,-32.61267620037563
Setophaga fusca,2014,2.5,4.053563156634045,24.0,114.0,696.0808050277345,2.0,0.0,0.0,1.0,130.57125964865213
Wood thrush,1986,1.5,11.308716330735198,20.0,92.0,541.1675599992918,-1.5,0.0,-2.0,-6.0,-52.000148766845086
Wood thrush,1987,0.0,11.308716330735198,18.0,86.0,489.16741123244674,0.2,0.0,6.0,28.0,149.5887045652214
Wood thrush,1988,0.2,11.308716330735198,24.0,114.0,638.7561157976681,0.8,0.0,-3.0,-12.0,-51.561296284493665
Wood thrush,1989,1.0,11.308716330735198,21.0,102.0,587.1948195131745,0.0,0.0,5.0,32.0,169.76647504189418
Wood thrush,1990,1.0,11.308716330735198,26.0,134.0,756.9612945550687,-0.8,0.0,-1.0,-13.0,-94.83080373801465
Wood thrush,1991,0.2,11.308716330735198,25.0,121.0,662.130490817054,-0.2,0.0,0.0,9.0,98.21206532250051
Wood thrush,1992,0.0,11.308716330735198,25.0,130.0,760.3425561395545,0.0,0.0,-4.0,-35.0,-245.2662580152604
Wood thrush,1993,0.0,11.308716330735198,21.0,95.0,515.0762981242941,0.0,0.0,0.0,-10.0,-16.42080807526878
Wood thrush,1994,0.0,11.308716330735198,21.0,85.0,498.65549004902533,0.0,0.0,-2.0,-11.0,54.74896776042334
Wood thrush,1995,0.0,11.308716330735198,19.0,74.0,553.4044578094487,0.0,0.0,2.0,19.0,48.729717722541864
Wood thrush,1996,0.0,11.308716330735198,21.0,93.0,602.1341755319905,0.0,0.0,-2.0,-6.0,-81.22435643851725
Wood thrush,1997,0.0,11.308716330735198,19.0,87.0,520.9098190934733,0.0,0.0,-1.0,-14.0,-129.70067374599694
Wood thrush,1998,0.0,11.308716330735198,18.0,73.0,391.20914534747635,0.0,0.0,-2.0,12.0,85.06387382409855
Wood thrush,1999,0.0,11.308716330735198,16.0,85.0,476.2730191715749,0.0,0.0,2.0,5.0,3.440010963380473
Wood thrush,2000,0.0,11.308716330735198,18.0,90.0,479.7130301349554,0.0,0.0,3.0,3.0,44.599534938248894
Wood thrush,2001,0.0,11.308716330735198,21.0,93.0,524.3125650732043,0.0,0.0,-1.0,-21.0,-137.68102418134663
Wood thrush,2002,0.0,11.308716330735198,20.0,72.0,386.63154089185764,0.0,0.0,-1.0,18.0,156.1055548649574
Wood thrush,2003,0.0,11.308716330735198,19.0,90.0,542.737095756815,0.0,0.0,3.0,-12.0,-43.556870489634775
Wood thrush,2004,0.0,11.308716330735198,22.0,78.0,499.1802252671803,0.0,0.0,-3.0,18.0,114.20527531547168
Wood thrush,2005,0.0,11.308716330735198,19.0,96.0,613.385500582652,0.0,0.0,4.0,13.0,82.12066491397024
Wood thrush,2006,0.0,11.308716330735198,23.0,109.0,695.5061654966222,0.0,0.0,1.0,-8.0,-6.858380652262554
Wood thrush,2007,0.0,11.308716330735198,24.0,101.0,688.6477848443596,0.0,0.0,-2.0,-8.0,-91.34507924893
Wood thrush,2008,0.0,11.308716330735198,22.0,93.0,597.3027055954296,0.0,0.0,-3.0,14.0,57.366118190624775
Wood thrush,2009,0.0,11.308716330735198,19.0,107.0,654.6688237860544,0.0,0.0,4.0,2.0,27.50681673157078
Wood thrush,2010,0.0,11.308716330735198,23.0,109.0,682.1756405176252,0.0,0.0,0.0,-12.0,-68.83183687628036
Wood thrush,2011,0.0,11.308716330735198,23.0,97.0,613.3438036413448,0.0,0.0,-2.0,9.0,65.51972751767255
Wood thrush,2012,0.0,11.308716330735198,21.0,106.0,678.8635311590174,0.0,0.0,1.0,15.0,49.829950069092774
Wood thrush,2013,0.0,11.308716330735198,22.0,121.0,728.6934812281102,0.0,0.0,2.0,-7.0,-32.61267620037563
Wood thrush,2014,0.0,11.308716330735198,24.0,114.0,696.0808050277345,0.0,0.0,0.0,1.0,130.57125964865213
Solitary Vireo,1986,0.0,5.455104517076246,20.0,92.0,541.1675599992918,0.5,0.0,-2.0,-6.0,-52.000148766845086
Solitary Vireo,1987,0.5,5.455104517076246,18.0,86.0,489.16741123244674,-0.5,0.0,6.0,28.0,149.5887045652214
Solitary Vireo,1988,0.0,5.455104517076246,24.0,114.0,638.7561157976681,0.0,0.0,-3.0,-12.0,-51.561296284493665
Solitary Vireo,1989,0.0,5.455104517076246,21.0,102.0,587.1948195131745,0.2,0.0,5.0,32.0,169.76647504189418
Solitary Vireo,1990,0.2,5.455104517076246,26.0,134.0,756.9612945550687,2.3,0.0,-1.0,-13.0,-94.83080373801465
Solitary Vireo,1991,2.5,5.455104517076246,25.0,121.0,662.130490817054,-0.5,0.0,0.0,9.0,98.21206532250051
Solitary Vireo,1992,2.0,5.455104517076246,25.0,130.0,760.3425561395545,0.0,0.0,-4.0,-35.0,-245.2662580152604
Solitary Vireo,1993,2.0,5.455104517076246,21.0,95.0,515.0762981242941,-1.0,0.0,0.0,-10.0,-16.42080807526878
Solitary Vireo,1994,1.0,5.455104517076246,21.0,85.0,498.65549004902533,-1.0,0.0,-2.0,-11.0,54.74896776042334
Solitary Vireo,1995,0.0,5.455104517076246,19.0,74.0,553.4044578094487,0.0,0.0,2.0,19.0,48.729717722541864
Solitary Vireo,1996,0.0,5.455104517076246,21.0,93.0,602.1341755319905,0.0,0.0,-2.0,-6.0,-81.22435643851725
Solitary Vireo,1997,0.0,5.455104517076246,19.0,87.0,520.9098190934733,0.0,0.0,-1.0,-14.0,-129.70067374599694
Solitary Vireo,1998,0.0,5.455104517076246,18.0,73.0,391.20914534747635,3.0,0.0,-2.0,12.0,85.06387382409855
Solitary Vireo,1999,3.0,5.455104517076246,16.0,85.0,476.2730191715749,-1.5,0.0,2.0,5.0,3.440010963380473
Solitary Vireo,2000,1.5,5.455104517076246,18.0,90.0,479.7130301349554,2.0,0.0,3.0,3.0,44.599534938248894
Solitary Vireo,2001,3.5,5.455104517076246,21.0,93.0,524.3125650732043,-3.5,0.0,-1.0,-21.0,-137.68102418134663
Solitary Vireo,2002,0.0,5.455104517076246,20.0,72.0,386.63154089185764,3.0,0.0,-1.0,18.0,156.1055548649574
Solitary Vireo,2003,3.0,5.455104517076246,19.0,90.0,542.737095756815,-2.8,0.0,3.0,-12.0,-43.556870489634775
Solitary Vireo,2004,0.2,5.455104517076246,22.0,78.0,499.1802252671803,0.0,0.0,-3.0,18.0,114.20527531547168
Solitary Vireo,2005,0.2,5.455104517076246,19.0,96.0,613.385500582652,2.8,0.0,4.0,13.0,82.12066491397024
Solitary Vireo,2006,3.0,5.455104517076246,23.0,109.0,695.5061654966222,-1.0,0.0,1.0,-8.0,-6.858380652262554
Solitary Vireo,2007,2.0,5.455104517076246,24.0,101.0,688.6477848443596,2.0,0.0,-2.0,-8.0,-91.34507924893
Solitary Vireo,2008,4.0,5.455104517076246,22.0,93.0,597.3027055954296,-1.5,0.0,-3.0,14.0,57.366118190624775
Solitary Vireo,2009,2.5,5.455104517076246,19.0,107.0,654.6688237860544,-2.3,0.0,4.0,2.0,27.50681673157078
Solitary Vireo,2010,0.2,5.455104517076246,23.0,109.0,682.1756405176252,0.3,0.0,0.0,-12.0,-68.83183687628036
Solitary Vireo,2011,0.5,5.455104517076246,23.0,97.0,613.3438036413448,-0.5,0.0,-2.0,9.0,65.51972751767255
Solitary Vireo,2012,0.0,5.455104517076246,21.0,106.0,678.8635311590174,1.0,0.0,1.0,15.0,49.829950069092774
Solitary Vireo,2013,1.0,5.455104517076246,22.0,121.0,728.6934812281102,-0.8,0.0,2.0,-7.0,-32.61267620037563
Solitary Vireo,2014,0.2,5.455104517076246,24.0,114.0,696.0808050277345,1.8,0.0,0.0,1.0,130.57125964865213
Bonasa umbellus,1986,0.0,64.42259677160023,20.0,92.0,541.1675599992918,0.0,0.0,-2.0,-6.0,-52.000148766845086
Bonasa umbellus,1987,0.0,64.42259677160023,18.0,86.0,489.16741123244674,0.0,0.0,6.0,28.0,149.5887045652214
Bonasa umbellus,1988,0.0,64.42259677160023,24.0,114.0,638.7561157976681,0.0,0.0,-3.0,-12.0,-51.561296284493665
Bonasa umbellus,1989,0.0,64.42259677160023,21.0,102.0,587.1948195131745,0.0,0.0,5.0,32.0,169.76647504189418
Bonasa umbellus,1990,0.0,64.42259677160023,26.0,134.0,756.9612945550687,0.0,0.0,-1.0,-13.0,-94.83080373801465
Bonasa umbellus,1991,0.0,64.42259677160023,25.0,121.0,662.130490817054,0.2,0.0,0.0,9.0,98.21206532250051
Bonasa umbellus,1992,0.2,64.42259677160023,25.0,130.0,760.3425561395545,-0.2,0.0,-4.0,-35.0,-245.2662580152604
Bonasa umbellus,1993,0.0,64.42259677160023,21.0,95.0,515.0762981242941,0.0,0.0,0.0,-10.0,-16.42080807526878
Bonasa umbellus,1994,0.0,64.42259677160023,21.0,85.0,498.65549004902533,2.0,0.0,-2.0,-11.0,54.74896776042334
Bonasa umbellus,1995,2.0,64.42259677160023,19.0,74.0,553.4044578094487,-1.0,0.0,2.0,19.0,48.729717722541864
Bonasa umbellus,1996,1.0,64.42259677160023,21.0,93.0,602.1341755319905,-0.8,0.0,-2.0,-6.0,-81.22435643851725
Bonasa umbellus,1997,0.2,64.42259677160023,19.0,87.0,520.9098190934733,-0.2,0.0,-1.0,-14.0,-129.70067374599694
Bonasa umbellus,1998,0.0,64.42259677160023,18.0,73.0,391.20914534747635,0.0,0.0,-2.0,12.0,85.06387382409855
Bonasa umbellus,1999,0.0,64.42259677160023,16.0,85.0,476.2730191715749,0.0,0.0,2.0,5.0,3.440010963380473
Bonasa umbellus,2000,0.0,64.42259677160023,18.0,90.0,479.7130301349554,0.0,0.0,3.0,3.0,44.599534938248894
Bonasa umbellus,2001,0.0,64.42259677160023,21.0,93.0,524.3125650732043,0.0,0.0,-1.0,-21.0,-137.68102418134663
Bonasa umbellus,2002,0.0,64.42259677160023,20.0,72.0,386.63154089185764,0.0,0.0,-1.0,18.0,156.1055548649574
Bonasa umbellus,2003,0.0,64.42259677160023,19.0,90.0,542.737095756815,0.2,0.0,3.0,-12.0,-43.556870489634775
Bonasa umbellus,2004,0.2,64.42259677160023,22.0,78.0,499.1802252671803,-0.2,0.0,-3.0,18.0,114.20527531547168
Bonasa umbellus,2005,0.0,64.42259677160023,19.0,96.0,613.385500582652,1.0,0.0,4.0,13.0,82.12066491397024
Bonasa umbellus,2006,1.0,64.42259677160023,23.0,109.0,695.5061654966222,0.0,0.0,1.0,-8.0,-6.858380652262554
Bonasa umbellus,2007,1.0,64.42259677160023,24.0,101.0,688.6477848443596,-0.8,0.0,-2.0,-8.0,-91.34507924893
Bonasa umbellus,2008,0.2,64.42259677160023,22.0,93.0,597.3027055954296,0.0,0.0,-3.0,14.0,57.366118190624775
Bonasa umbellus,2009,0.2,64.42259677160023,19.0,107.0,654.6688237860544,0.0,0.0,4.0,2.0,27.50681673157078
Bonasa umbellus,2010,0.2,64.42259677160023,23.0,109.0,682.1756405176252,-0.2,0.0,0.0,-12.0,-68.83183687628036
Bonasa umbellus,2011,0.0,64.42259677160023,23.0,97.0,613.3438036413448,0.0,0.0,-2.0,9.0,65.51972751767255
Bonasa umbellus,2012,0.0,64.42259677160023,21.0,106.0,678.8635311590174,0.0,0.0,1.0,15.0,49.829950069092774
Bonasa umbellus,2013,0.0,64.42259677160023,22.0,121.0,728.6934812281102,0.2,0.0,2.0,-7.0,-32.61267620037563
Bonasa umbellus,2014,0.2,64.42259677160023,24.0,114.0,696.0808050277345,1.8,0.0,0.0,1.0,130.57125964865213
Winter wren,1986,0.0,3.9165032214220905,20.0,92.0,541.1675599992918,0.5,0.0,-2.0,-6.0,-52.000148766845086
Winter wren,1987,0.5,3.9165032214220905,18.0,86.0,489.16741123244674,0.5,0.0,6.0,28.0,149.5887045652214
Winter wren,1988,1.0,3.9165032214220905,24.0,114.0,638.7561157976681,0.0,0.0,-3.0,-12.0,-51.561296284493665
Winter wren,1989,1.0,3.9165032214220905,21.0,102.0,587.1948195131745,1.0,0.0,5.0,32.0,169.76647504189418
Winter wren,1990,2.0,3.9165032214220905,26.0,134.0,756.9612945550687,1.0,0.0,-1.0,-13.0,-94.83080373801465
Winter wren,1991,3.0,3.9165032214220905,25.0,121.0,662.130490817054,-2.0,0.0,0.0,9.0,98.21206532250051
Winter wren,1992,1.0,3.9165032214220905,25.0,130.0,760.3425561395545,-0.8,0.0,-4.0,-35.0,-245.2662580152604
Winter wren,1993,0.2,3.9165032214220905,21.0,95.0,515.0762981242941,0.8,0.0,0.0,-10.0,-16.42080807526878
Winter wren,1994,1.0,3.9165032214220905,21.0,85.0,498.65549004902533,-0.8,0.0,-2.0,-11.0,54.74896776042334
Winter wren,1995,0.2,3.9165032214220905,19.0,74.0,553.4044578094487,1.3,0.0,2.0,19.0,48.729717722541864
Winter wren,1996,1.5,3.9165032214220905,21.0,93.0,602.1341755319905,-1.5,0.0,-2.0,-6.0,-81.22435643851725
Winter wren,1997,0.0,3.9165032214220905,19.0,87.0,520.9098190934733,4.0,0.0,-1.0,-14.0,-129.70067374599694
Winter wren,1998,4.0,3.9165032214220905,18.0,73.0,391.20914534747635,-3.0,0.0,-2.0,12.0,85.06387382409855
Winter wren,1999,1.0,3.9165032214220905,16.0,85.0,476.2730191715749,0.0,0.0,2.0,5.0,3.440010963380473
Winter wren,2000,1.0,3.9165032214220905,18.0,90.0,479.7130301349554,-0.8,0.0,3.0,3.0,44.599534938248894
Winter wren,2001,0.2,3.9165032214220905,21.0,93.0,524.3125650732043,0.8,0.0,-1.0,-21.0,-137.68102418134663
Winter wren,2002,1.0,3.9165032214220905,20.0,72.0,386.63154089185764,-1.0,0.0,-1.0,18.0,156.1055548649574
Winter wren,2003,0.0,3.9165032214220905,19.0,90.0,542.737095756815,3.0,0.0,3.0,-12.0,-43.556870489634775
Winter wren,2004,3.0,3.9165032214220905,22.0,78.0,499.1802252671803,-1.0,0.0,-3.0,18.0,114.20527531547168
Winter wren,2005,2.0,3.9165032214220905,19.0,96.0,613.385500582652,-0.5,0.0,4.0,13.0,82.12066491397024
Winter wren,2006,1.5,3.9165032214220905,23.0,109.0,695.5061654966222,-0.5,0.0,1.0,-8.0,-6.858380652262554
Winter wren,2007,1.0,3.9165032214220905,24.0,101.0,688.6477848443596,1.5,0.0,-2.0,-8.0,-91.34507924893
Winter wren,2008,2.5,3.9165032214220905,22.0,93.0,597.3027055954296,-2.5,0.0,-3.0,14.0,57.366118190624775
Winter wren,2009,0.0,3.9165032214220905,19.0,107.0,654.6688237860544,1.0,0.0,4.0,2.0,27.50681673157078
Winter wren,2010,1.0,3.9165032214220905,23.0,109.0,682.1756405176252,2.0,0.0,0.0,-12.0,-68.83183687628036
Winter wren,2011,3.0,3.9165032214220905,23.0,97.0,613.3438036413448,-3.0,0.0,-2.0,9.0,65.51972751767255
Winter wren,2012,0.0,3.9165032214220905,21.0,106.0,678.8635311590174,3.5,0.0,1.0,15.0,49.829950069092774
Winter wren,2013,3.5,3.9165032214220905,22.0,121.0,728.6934812281102,-3.0,0.0,2.0,-7.0,-32.61267620037563
Winter wren,2014,0.5,3.9165032214220905,24.0,114.0,696.0808050277345,-0.3,0.0,0.0,1.0,130.57125964865213
Yellow-throated Warbler,1986,1.5,3.8332978075935,20.0,92.0,541.1675599992918,-1.5,0.0,-2.0,-6.0,-52.000148766845086
Yellow-throated Warbler,1987,0.0,3.8332978075935,18.0,86.0,489.16741123244674,2.5,0.0,6.0,28.0,149.5887045652214
Yellow-throated Warbler,1988,2.5,3.8332978075935,24.0,114.0,638.7561157976681,-0.5,0.0,-3.0,-12.0,-51.561296284493665
Yellow-throated Warbler,1989,2.0,3.8332978075935,21.0,102.0,587.1948195131745,0.0,0.0,5.0,32.0,169.76647504189418
Yellow-throated Warbler,1990,2.0,3.8332978075935,26.0,134.0,756.9612945550687,0.0,0.0,-1.0,-13.0,-94.83080373801465
Yellow-throated Warbler,1991,2.0,3.8332978075935,25.0,121.0,662.130490817054,1.0,0.0,0.0,9.0,98.21206532250051
Yellow-throated Warbler,1992,3.0,3.8332978075935,25.0,130.0,760.3425561395545,-2.8,0.0,-4.0,-35.0,-245.2662580152604
Yellow-throated Warbler,1993,0.2,3.8332978075935,21.0,95.0,515.0762981242941,-0.2,0.0,0.0,-10.0,-16.42080807526878
Yellow-throated Warbler,1994,0.0,3.8332978075935,21.0,85.0,498.65549004902533,0.0,0.0,-2.0,-11.0,54.74896776042334
Yellow-throated Warbler,1995,0.0,3.8332978075935,19.0,74.0,553.4044578094487,2.0,0.0,2.0,19.0,48.729717722541864
Yellow-throated Warbler,1996,2.0,3.8332978075935,21.0,93.0,602.1341755319905,0.5,0.0,-2.0,-6.0,-81.22435643851725
Yellow-throated Warbler,1997,2.5,3.8332978075935,19.0,87.0,520.9098190934733,-2.5,0.0,-1.0,-14.0,-129.70067374599694
Yellow-throated Warbler,1998,0.0,3.8332978075935,18.0,73.0,391.20914534747635,0.0,0.0,-2.0,12.0,85.06387382409855
Yellow-throated Warbler,1999,0.0,3.8332978075935,16.0,85.0,476.2730191715749,2.0,0.0,2.0,5.0,3.440010963380473
Yellow-throated Warbler,2000,2.0,3.8332978075935,18.0,90.0,479.7130301349554,2.0,0.0,3.0,3.0,44.599534938248894
Yellow-throated Warbler,2001,4.0,3.8332978075935,21.0,93.0,524.3125650732043,-2.0,0.0,-1.0,-21.0,-137.68102418134663
Yellow-throated Warbler,2002,2.0,3.8332978075935,20.0,72.0,386.63154089185764,0.0,0.0,-1.0,18.0,156.1055548649574
Yellow-throated Warbler,2003,2.0,3.8332978075935,19.0,90.0,542.737095756815,-2.0,0.0,3.0,-12.0,-43.556870489634775
Yellow-throated Warbler,2004,0.0,3.8332978075935,22.0,78.0,499.1802252671803,2.0,0.0,-3.0,18.0,114.20527531547168
Yellow-throated Warbler,2005,2.0,3.8332978075935,19.0,96.0,613.385500582652,2.5,0.0,4.0,13.0,82.12066491397024
Yellow-throated Warbler,2006,4.5,3.8332978075935,23.0,109.0,695.5061654966222,-2.5,0.0,1.0,-8.0,-6.858380652262554
Yellow-throated Warbler,2007,2.0,3.8332978075935,24.0,101.0,688.6477848443596,-1.5,0.0,-2.0,-8.0,-91.34507924893
Yellow-throated Warbler,2008,0.5,3.8332978075935,22.0,93.0,597.3027055954296,-0.5,0.0,-3.0,14.0,57.366118190624775
Yellow-throated Warbler,2009,0.0,3.8332978075935,19.0,107.0,654.6688237860544,2.5,0.0,4.0,2.0,27.50681673157078
Yellow-throated Warbler,2010,2.5,3.8332978075935,23.0,109.0,682.1756405176252,-1.5,0.0,0.0,-12.0,-68.83183687628036
Yellow-throated Warbler,2011,1.0,3.8332978075935,23.0,97.0,613.3438036413448,1.0,0.0,-2.0,9.0,65.51972751767255
Yellow-throated Warbler,2012,2.0,3.8332978075935,21.0,106.0,678.8635311590174,7.0,0.0,1.0,15.0,49.829950069092774
Yellow-throated Warbler,2013,9.0,3.8332978075935,22.0,121.0,728.6934812281102,-4.5,0.0,2.0,-7.0,-32.61267620037563
Yellow-throated Warbler,2014,4.5,3.8332978075935,24.0,114.0,696.0808050277345,-2.5,0.0,0.0,1.0,130.57125964865213
Red-breasted nuthatch,1986,0.0,3.9165032214220905,20.0,92.0,541.1675599992918,0.0,0.0,-2.0,-6.0,-52.000148766845086
Red-breasted nuthatch,1987,0.0,3.9165032214220905,18.0,86.0,489.16741123244674,0.0,0.0,6.0,28.0,149.5887045652214
Red-breasted nuthatch,1988,0.0,3.9165032214220905,24.0,114.0,638.7561157976681,0.0,0.0,-3.0,-12.0,-51.561296284493665
Red-breasted nuthatch,1989,0.0,3.9165032214220905,21.0,102.0,587.1948195131745,0.0,0.0,5.0,32.0,169.76647504189418
Red-breasted nuthatch,1990,0.0,3.9165032214220905,26.0,134.0,756.9612945550687,0.0,0.0,-1.0,-13.0,-94.83080373801465
Red-breasted nuthatch,1991,0.0,3.9165032214220905,25.0,121.0,662.130490817054,0.0,0.0,0.0,9.0,98.21206532250051
Red-breasted nuthatch,1992,0.0,3.9165032214220905,25.0,130.0,760.3425561395545,0.0,0.0,-4.0,-35.0,-245.2662580152604
Red-breasted nuthatch,1993,0.0,3.9165032214220905,21.0,95.0,515.0762981242941,0.2,0.0,0.0,-10.0,-16.42080807526878
Red-breasted nuthatch,1994,0.2,3.9165032214220905,21.0,85.0,498.65549004902533,0.0,0.0,-2.0,-11.0,54.74896776042334
Red-breasted nuthatch,1995,0.2,3.9165032214220905,19.0,74.0,553.4044578094487,-0.2,0.0,2.0,19.0,48.729717722541864
Red-breasted nuthatch,1996,0.0,3.9165032214220905,21.0,93.0,602.1341755319905,0.0,0.0,-2.0,-6.0,-81.22435643851725
Red-breasted nuthatch,1997,0.0,3.9165032214220905,19.0,87.0,520.9098190934733,0.0,0.0,-1.0,-14.0,-129.70067374599694
Red-breasted nuthatch,1998,0.0,3.9165032214220905,18.0,73.0,391.20914534747635,0.0,0.0,-2.0,12.0,85.06387382409855
Red-breasted nuthatch,1999,0.0,3.9165032214220905,16.0,85.0,476.2730191715749,0.0,0.0,2.0,5.0,3.440010963380473
Red-breasted nuthatch,2000,0.0,3.9165032214220905,18.0,90.0,479.7130301349554,0.0,0.0,3.0,3.0,44.599534938248894
Red-breasted nuthatch,2001,0.0,3.9165032214220905,21.0,93.0,524.3125650732043,0.0,0.0,-1.0,-21.0,-137.68102418134663
Red-breasted nuthatch,2002,0.0,3.9165032214220905,20.0,72.0,386.63154089185764,0.0,0.0,-1.0,18.0,156.1055548649574
Red-breasted nuthatch,2003,0.0,3.9165032214220905,19.0,90.0,542.737095756815,0.0,0.0,3.0,-12.0,-43.556870489634775
Red-breasted nuthatch,2004,0.0,3.9165032214220905,22.0,78.0,499.1802252671803,0.0,0.0,-3.0,18.0,114.20527531547168
Red-breasted nuthatch,2005,0.0,3.9165032214220905,19.0,96.0,613.385500582652,0.2,0.0,4.0,13.0,82.12066491397024
Red-breasted nuthatch,2006,0.2,3.9165032214220905,23.0,109.0,695.5061654966222,-0.2,0.0,1.0,-8.0,-6.858380652262554
Red-breasted nuthatch,2007,0.0,3.9165032214220905,24.0,101.0,688.6477848443596,0.0,0.0,-2.0,-8.0,-91.34507924893
Red-breasted nuthatch,2008,0.0,3.9165032214220905,22.0,93.0,597.3027055954296,0.0,0.0,-3.0,14.0,57.366118190624775
Red-breasted nuthatch,2009,0.0,3.9165032214220905,19.0,107.0,654.6688237860544,0.0,0.0,4.0,2.0,27.50681673157078
Red-breasted nuthatch,2010,0.0,3.9165032214220905,23.0,109.0,682.1756405176252,0.0,0.0,0.0,-12.0,-68.83183687628036
Red-breasted nuthatch,2011,0.0,3.9165032214220905,23.0,97.0,613.3438036413448,0.0,0.0,-2.0,9.0,65.51972751767255
Red-breasted nuthatch,2012,0.0,3.9165032214220905,21.0,106.0,678.8635311590174,0.0,0.0,1.0,15.0,49.829950069092774
Red-breasted nuthatch,2013,0.0,3.9165032214220905,22.0,121.0,728.6934812281102,1.0,0.0,2.0,-7.0,-32.61267620037563
Red-breasted nuthatch,2014,1.0,3.9165032214220905,24.0,114.0,696.0808050277345,1.0,0.0,0.0,1.0,130.57125964865213
White-breasted nuthatch,1986,1.0,6.384466831093798,20.0,92.0,541.1675599992918,0.0,0.0,-2.0,-6.0,-52.000148766845086
White-breasted nuthatch,1987,1.0,6.384466831093798,18.0,86.0,489.16741123244674,0.0,0.0,6.0,28.0,149.5887045652214
White-breasted nuthatch,1988,1.0,6.384466831093798,24.0,114.0,638.7561157976681,1.0,0.0,-3.0,-12.0,-51.561296284493665
White-breasted nuthatch,1989,2.0,6.384466831093798,21.0,102.0,587.1948195131745,1.0,0.0,5.0,32.0,169.76647504189418
White-breasted nuthatch,1990,3.0,6.384466831093798,26.0,134.0,756.9612945550687,-1.5,0.0,-1.0,-13.0,-94.83080373801465
White-breasted nuthatch,1991,1.5,6.384466831093798,25.0,121.0,662.130490817054,0.5,0.0,0.0,9.0,98.21206532250051
White-breasted nuthatch,1992,2.0,6.384466831093798,25.0,130.0,760.3425561395545,0.0,0.0,-4.0,-35.0,-245.2662580152604
White-breasted nuthatch,1993,2.0,6.384466831093798,21.0,95.0,515.0762981242941,-1.0,0.0,0.0,-10.0,-16.42080807526878
White-breasted nuthatch,1994,1.0,6.384466831093798,21.0,85.0,498.65549004902533,-0.8,0.0,-2.0,-11.0,54.74896776042334
White-breasted nuthatch,1995,0.2,6.384466831093798,19.0,74.0,553.4044578094487,2.8,0.0,2.0,19.0,48.729717722541864
White-breasted nuthatch,1996,3.0,6.384466831093798,21.0,93.0,602.1341755319905,-1.5,0.0,-2.0,-6.0,-81.22435643851725
White-breasted nuthatch,1997,1.5,6.384466831093798,19.0,87.0,520.9098190934733,-1.3,0.0,-1.0,-14.0,-129.70067374599694
White-breasted nuthatch,1998,0.2,6.384466831093798,18.0,73.0,391.20914534747635,1.8,0.0,-2.0,12.0,85.06387382409855
White-breasted nuthatch,1999,2.0,6.384466831093798,16.0,85.0,476.2730191715749,0.0,0.0,2.0,5.0,3.440010963380473
White-breasted nuthatch,2000,2.0,6.384466831093798,18.0,90.0,479.7130301349554,-1.0,0.0,3.0,3.0,44.599534938248894
White-breasted nuthatch,2001,1.0,6.384466831093798,21.0,93.0,524.3125650732043,1.0,0.0,-1.0,-21.0,-137.68102418134663
White-breasted nuthatch,2002,2.0,6.384466831093798,20.0,72.0,386.63154089185764,0.0,0.0,-1.0,18.0,156.1055548649574
White-breasted nuthatch,2003,2.0,6.384466831093798,19.0,90.0,542.737095756815,-1.8,0.0,3.0,-12.0,-43.556870489634775
White-breasted nuthatch,2004,0.2,6.384466831093798,22.0,78.0,499.1802252671803,-0.2,0.0,-3.0,18.0,114.20527531547168
White-breasted nuthatch,2005,0.0,6.384466831093798,19.0,96.0,613.385500582652,2.0,0.0,4.0,13.0,82.12066491397024
White-breasted nuthatch,2006,2.0,6.384466831093798,23.0,109.0,695.5061654966222,0.0,0.0,1.0,-8.0,-6.858380652262554
White-breasted nuthatch,2007,2.0,6.384466831093798,24.0,101.0,688.6477848443596,-1.8,0.0,-2.0,-8.0,-91.34507924893
White-breasted nuthatch,2008,0.2,6.384466831093798,22.0,93.0,597.3027055954296,0.3,0.0,-3.0,14.0,57.366118190624775
White-breasted nuthatch,2009,0.5,6.384466831093798,19.0,107.0,654.6688237860544,-0.3,0.0,4.0,2.0,27.50681673157078
White-breasted nuthatch,2010,0.2,6.384466831093798,23.0,109.0,682.1756405176252,0.3,0.0,0.0,-12.0,-68.83183687628036
White-breasted nuthatch,2011,0.5,6.384466831093798,23.0,97.0,613.3438036413448,-0.3,0.0,-2.0,9.0,65.51972751767255
White-breasted nuthatch,2012,0.2,6.384466831093798,21.0,106.0,678.8635311590174,0.0,0.0,1.0,15.0,49.829950069092774
White-breasted nuthatch,2013,0.2,6.384466831093798,22.0,121.0,728.6934812281102,0.3,0.0,2.0,-7.0,-32.61267620037563
White-breasted nuthatch,2014,0.5,6.384466831093798,24.0,114.0,696.0808050277345,2.5,0.0,0.0,1.0,130.57125964865213
Hairy woodpecker,1986,1.5,15.44161095217219,20.0,92.0,541.1675599992918,0.0,0.0,-2.0,-6.0,-52.000148766845086
Hairy woodpecker,1987,1.5,15.44161095217219,18.0,86.0,489.16741123244674,0.0,0.0,6.0,28.0,149.5887045652214
Hairy woodpecker,1988,1.5,15.44161095217219,24.0,114.0,638.7561157976681,-0.5,0.0,-3.0,-12.0,-51.561296284493665
Hairy woodpecker,1989,1.0,15.44161095217219,21.0,102.0,587.1948195131745,0.0,0.0,5.0,32.0,169.76647504189418
Hairy woodpecker,1990,1.0,15.44161095217219,26.0,134.0,756.9612945550687,1.0,0.0,-1.0,-13.0,-94.83080373801465
Hairy woodpecker,1991,2.0,15.44161095217219,25.0,121.0,662.130490817054,0.0,0.0,0.0,9.0,98.21206532250051
Hairy woodpecker,1992,2.0,15.44161095217219,25.0,130.0,760.3425561395545,-1.0,0.0,-4.0,-35.0,-245.2662580152604
Hairy woodpecker,1993,1.0,15.44161095217219,21.0,95.0,515.0762981242941,0.0,0.0,0.0,-10.0,-16.42080807526878
Hairy woodpecker,1994,1.0,15.44161095217219,21.0,85.0,498.65549004902533,1.0,0.0,-2.0,-11.0,54.74896776042334
Hairy woodpecker,1995,2.0,15.44161095217219,19.0,74.0,553.4044578094487,0.0,0.0,2.0,19.0,48.729717722541864
Hairy woodpecker,1996,2.0,15.44161095217219,21.0,93.0,602.1341755319905,-1.0,0.0,-2.0,-6.0,-81.22435643851725
Hairy woodpecker,1997,1.0,15.44161095217219,19.0,87.0,520.9098190934733,-0.8,0.0,-1.0,-14.0,-129.70067374599694
Hairy woodpecker,1998,0.2,15.44161095217219,18.0,73.0,391.20914534747635,2.3,0.0,-2.0,12.0,85.06387382409855
Hairy woodpecker,1999,2.5,15.44161095217219,16.0,85.0,476.2730191715749,-0.5,0.0,2.0,5.0,3.440010963380473
Hairy woodpecker,2000,2.0,15.44161095217219,18.0,90.0,479.7130301349554,0.0,0.0,3.0,3.0,44.599534938248894
Hairy woodpecker,2001,2.0,15.44161095217219,21.0,93.0,524.3125650732043,-1.0,0.0,-1.0,-21.0,-137.68102418134663
Hairy woodpecker,2002,1.0,15.44161095217219,20.0,72.0,386.63154089185764,2.0,0.0,-1.0,18.0,156.1055548649574
Hairy woodpecker,2003,3.0,15.44161095217219,19.0,90.0,542.737095756815,-1.0,0.0,3.0,-12.0,-43.556870489634775
Hairy woodpecker,2004,2.0,15.44161095217219,22.0,78.0,499.1802252671803,0.5,0.0,-3.0,18.0,114.20527531547168
Hairy woodpecker,2005,2.5,15.44161095217219,19.0,96.0,613.385500582652,0.5,0.0,4.0,13.0,82.12066491397024
Hairy woodpecker,2006,3.0,15.44161095217219,23.0,109.0,695.5061654966222,1.0,0.0,1.0,-8.0,-6.858380652262554
Hairy woodpecker,2007,4.0,15.44161095217219,24.0,101.0,688.6477848443596,-1.5,0.0,-2.0,-8.0,-91.34507924893
Hairy woodpecker,2008,2.5,15.44161095217219,22.0,93.0,597.3027055954296,0.0,0.0,-3.0,14.0,57.366118190624775
Hairy woodpecker,2009,2.5,15.44161095217219,19.0,107.0,654.6688237860544,0.0,0.0,4.0,2.0,27.50681673157078
Hairy woodpecker,2010,2.5,15.44161095217219,23.0,109.0,682.1756405176252,0.5,0.0,0.0,-12.0,-68.83183687628036
Hairy woodpecker,2011,3.0,15.44161095217219,23.0,97.0,613.3438036413448,1.5,0.0,-2.0,9.0,65.51972751767255
Hairy woodpecker,2012,4.5,15.44161095217219,21.0,106.0,678.8635311590174,-0.5,0.0,1.0,15.0,49.829950069092774
Hairy woodpecker,2013,4.0,15.44161095217219,22.0,121.0,728.6934812281102,-2.0,0.0,2.0,-7.0,-32.61267620037563
Hairy woodpecker,2014,2.0,15.44161095217219,24.0,114.0,696.0808050277345,0.0,0.0,0.0,1.0,130.57125964865213
Rose-breasted grosbeak,1986,2.5,11.308716330735198,20.0,92.0,541.1675599992918,0.0,0.0,-2.0,-6.0,-52.000148766845086
Rose-breasted grosbeak,1987,2.5,11.308716330735198,18.0,86.0,489.16741123244674,0.0,0.0,6.0,28.0,149.5887045652214
Rose-breasted grosbeak,1988,2.5,11.308716330735198,24.0,114.0,638.7561157976681,0.5,0.0,-3.0,-12.0,-51.561296284493665
Rose-breasted grosbeak,1989,3.0,11.308716330735198,21.0,102.0,587.1948195131745,1.5,0.0,5.0,32.0,169.76647504189418
Rose-breasted grosbeak,1990,4.5,11.308716330735198,26.0,134.0,756.9612945550687,-2.5,0.0,-1.0,-13.0,-94.83080373801465
Rose-breasted grosbeak,1991,2.0,11.308716330735198,25.0,121.0,662.130490817054,2.0,0.0,0.0,9.0,98.21206532250051
Rose-breasted grosbeak,1992,4.0,11.308716330735198,25.0,130.0,760.3425561395545,-3.5,0.0,-4.0,-35.0,-245.2662580152604
Rose-breasted grosbeak,1993,0.5,11.308716330735198,21.0,95.0,515.0762981242941,1.5,0.0,0.0,-10.0,-16.42080807526878
Rose-breasted grosbeak,1994,2.0,11.308716330735198,21.0,85.0,498.65549004902533,0.0,0.0,-2.0,-11.0,54.74896776042334
Rose-breasted grosbeak,1995,2.0,11.308716330735198,19.0,74.0,553.4044578094487,0.0,0.0,2.0,19.0,48.729717722541864
Rose-breasted grosbeak,1996,2.0,11.308716330735198,21.0,93.0,602.1341755319905,2.0,0.0,-2.0,-6.0,-81.22435643851725
Rose-breasted grosbeak,1997,4.0,11.308716330735198,19.0,87.0,520.9098190934733,-3.8,0.0,-1.0,-14.0,-129.70067374599694
Rose-breasted grosbeak,1998,0.2,11.308716330735198,18.0,73.0,391.20914534747635,1.8,0.0,-2.0,12.0,85.06387382409855
Rose-breasted grosbeak,1999,2.0,11.308716330735198,16.0,85.0,476.2730191715749,-1.8,0.0,2.0,5.0,3.440010963380473
Rose-breasted grosbeak,2000,0.2,11.308716330735198,18.0,90.0,479.7130301349554,0.0,0.0,3.0,3.0,44.599534938248894
Rose-breasted grosbeak,2001,0.2,11.308716330735198,21.0,93.0,524.3125650732043,0.0,0.0,-1.0,-21.0,-137.68102418134663
Rose-breasted grosbeak,2002,0.2,11.308716330735198,20.0,72.0,386.63154089185764,1.8,0.0,-1.0,18.0,156.1055548649574
Rose-breasted grosbeak,2003,2.0,11.308716330735198,19.0,90.0,542.737095756815,2.0,0.0,3.0,-12.0,-43.556870489634775
Rose-breasted grosbeak,2004,4.0,11.308716330735198,22.0,78.0,499.1802252671803,-1.0,0.0,-3.0,18.0,114.20527531547168
Rose-breasted grosbeak,2005,3.0,11.308716330735198,19.0,96.0,613.385500582652,-0.5,0.0,4.0,13.0,82.12066491397024
Rose-breasted grosbeak,2006,2.5,11.308716330735198,23.0,109.0,695.5061654966222,0.0,0.0,1.0,-8.0,-6.858380652262554
Rose-breasted grosbeak,2007,2.5,11.308716330735198,24.0,101.0,688.6477848443596,0.5,0.0,-2.0,-8.0,-91.34507924893
Rose-breasted grosbeak,2008,3.0,11.308716330735198,22.0,93.0,597.3027055954296,-1.0,0.0,-3.0,14.0,57.366118190624775
Rose-breasted grosbeak,2009,2.0,11.308716330735198,19.0,107.0,654.6688237860544,1.5,0.0,4.0,2.0,27.50681673157078
Rose-breasted grosbeak,2010,3.5,11.308716330735198,23.0,109.0,682.1756405176252,0.5,0.0,0.0,-12.0,-68.83183687628036
Rose-breasted grosbeak,2011,4.0,11.308716330735198,23.0,97.0,613.3438036413448,1.5,0.0,-2.0,9.0,65.51972751767255
Rose-breasted grosbeak,2012,5.5,11.308716330735198,21.0,106.0,678.8635311590174,-1.5,0.0,1.0,15.0,49.829950069092774
Rose-breasted grosbeak,2013,4.0,11.308716330735198,22.0,121.0,728.6934812281102,0.0,0.0,2.0,-7.0,-32.61267620037563
Rose-breasted grosbeak,2014,4.0,11.308716330735198,24.0,114.0,696.0808050277345,-1.0,0.0,0.0,1.0,130.57125964865213
Catharus fuscescens,1986,2.5,8.873008951433635,20.0,92.0,541.1675599992918,-1.0,0.0,-2.0,-6.0,-52.000148766845086
Catharus fuscescens,1987,1.5,8.873008951433635,18.0,86.0,489.16741123244674,0.0,0.0,6.0,28.0,149.5887045652214
Catharus fuscescens,1988,1.5,8.873008951433635,24.0,114.0,638.7561157976681,-1.0,0.0,-3.0,-12.0,-51.561296284493665
Catharus fuscescens,1989,0.5,8.873008951433635,21.0,102.0,587.1948195131745,1.5,0.0,5.0,32.0,169.76647504189418
Catharus fuscescens,1990,2.0,8.873008951433635,26.0,134.0,756.9612945550687,0.5,0.0,-1.0,-13.0,-94.83080373801465
Catharus fuscescens,1991,2.5,8.873008951433635,25.0,121.0,662.130490817054,3.5,0.0,0.0,9.0,98.21206532250051
Catharus fuscescens,1992,6.0,8.873008951433635,25.0,130.0,760.3425561395545,-2.5,0.0,-4.0,-35.0,-245.2662580152604
Catharus fuscescens,1993,3.5,8.873008951433635,21.0,95.0,515.0762981242941,0.5,0.0,0.0,-10.0,-16.42080807526878
Catharus fuscescens,1994,4.0,8.873008951433635,21.0,85.0,498.65549004902533,-1.0,0.0,-2.0,-11.0,54.74896776042334
Catharus fuscescens,1995,3.0,8.873008951433635,19.0,74.0,553.4044578094487,0.0,0.0,2.0,19.0,48.729717722541864
Catharus fuscescens,1996,3.0,8.873008951433635,21.0,93.0,602.1341755319905,-0.5,0.0,-2.0,-6.0,-81.22435643851725
Catharus fuscescens,1997,2.5,8.873008951433635,19.0,87.0,520.9098190934733,-0.5,0.0,-1.0,-14.0,-129.70067374599694
Catharus fuscescens,1998,2.0,8.873008951433635,18.0,73.0,391.20914534747635,0.5,0.0,-2.0,12.0,85.06387382409855
Catharus fuscescens,1999,2.5,8.873008951433635,16.0,85.0,476.2730191715749,-2.5,0.0,2.0,5.0,3.440010963380473
Catharus fuscescens,2000,0.0,8.873008951433635,18.0,90.0,479.7130301349554,0.2,0.0,3.0,3.0,44.599534938248894
Catharus fuscescens,2001,0.2,8.873008951433635,21.0,93.0,524.3125650732043,0.0,0.0,-1.0,-21.0,-137.68102418134663
Catharus fuscescens,2002,0.2,8.873008951433635,20.0,72.0,386.63154089185764,-0.2,0.0,-1.0,18.0,156.1055548649574
Catharus fuscescens,2003,0.0,8.873008951433635,19.0,90.0,542.737095756815,0.0,0.0,3.0,-12.0,-43.556870489634775
Catharus fuscescens,2004,0.0,8.873008951433635,22.0,78.0,499.1802252671803,1.0,0.0,-3.0,18.0,114.20527531547168
Catharus fuscescens,2005,1.0,8.873008951433635,19.0,96.0,613.385500582652,-1.0,0.0,4.0,13.0,82.12066491397024
Catharus fuscescens,2006,0.0,8.873008951433635,23.0,109.0,695.5061654966222,0.0,0.0,1.0,-8.0,-6.858380652262554
Catharus fuscescens,2007,0.0,8.873008951433635,24.0,101.0,688.6477848443596,0.0,0.0,-2.0,-8.0,-91.34507924893
Catharus fuscescens,2008,0.0,8.873008951433635,22.0,93.0,597.3027055954296,0.0,0.0,-3.0,14.0,57.366118190624775
Catharus fuscescens,2009,0.0,8.873008951433635,19.0,107.0,654.6688237860544,0.0,0.0,4.0,2.0,27.50681673157078
Catharus fuscescens,2010,0.0,8.873008951433635,23.0,109.0,682.1756405176252,0.0,0.0,0.0,-12.0,-68.83183687628036
Catharus fuscescens,2011,0.0,8.873008951433635,23.0,97.0,613.3438036413448,0.0,0.0,-2.0,9.0,65.51972751767255
Catharus fuscescens,2012,0.0,8.873008951433635,21.0,106.0,678.8635311590174,0.0,0.0,1.0,15.0,49.829950069092774
Catharus fuscescens,2013,0.0,8.873008951433635,22.0,121.0,728.6934812281102,0.0,0.0,2.0,-7.0,-32.61267620037563
Catharus fuscescens,2014,0.0,8.873008951433635,24.0,114.0,696.0808050277345,0.0,0.0,0.0,1.0,130.57125964865213
Swainsons Thrush,1986,1.5,8.093658950385223,20.0,92.0,541.1675599992918,0.5,0.0,-2.0,-6.0,-52.000148766845086
Swainsons Thrush,1987,2.0,8.093658950385223,18.0,86.0,489.16741123244674,0.0,0.0,6.0,28.0,149.5887045652214
Swainsons Thrush,1988,2.0,8.093658950385223,24.0,114.0,638.7561157976681,0.0,0.0,-3.0,-12.0,-51.561296284493665
Swainsons Thrush,1989,2.0,8.093658950385223,21.0,102.0,587.1948195131745,1.5,0.0,5.0,32.0,169.76647504189418
Swainsons Thrush,1990,3.5,8.093658950385223,26.0,134.0,756.9612945550687,-1.0,0.0,-1.0,-13.0,-94.83080373801465
Swainsons Thrush,1991,2.5,8.093658950385223,25.0,121.0,662.130490817054,1.0,0.0,0.0,9.0,98.21206532250051
Swainsons Thrush,1992,3.5,8.093658950385223,25.0,130.0,760.3425561395545,-1.0,0.0,-4.0,-35.0,-245.2662580152604
Swainsons Thrush,1993,2.5,8.093658950385223,21.0,95.0,515.0762981242941,-2.5,0.0,0.0,-10.0,-16.42080807526878
Swainsons Thrush,1994,0.0,8.093658950385223,21.0,85.0,498.65549004902533,0.0,0.0,-2.0,-11.0,54.74896776042334
Swainsons Thrush,1995,0.0,8.093658950385223,19.0,74.0,553.4044578094487,0.5,0.0,2.0,19.0,48.729717722541864
Swainsons Thrush,1996,0.5,8.093658950385223,21.0,93.0,602.1341755319905,1.5,0.0,-2.0,-6.0,-81.22435643851725
Swainsons Thrush,1997,2.0,8.093658950385223,19.0,87.0,520.9098190934733,-2.0,0.0,-1.0,-14.0,-129.70067374599694
Swainsons Thrush,1998,0.0,8.093658950385223,18.0,73.0,391.20914534747635,0.0,0.0,-2.0,12.0,85.06387382409855
Swainsons Thrush,1999,0.0,8.093658950385223,16.0,85.0,476.2730191715749,0.0,0.0,2.0,5.0,3.440010963380473
Swainsons Thrush,2000,0.0,8.093658950385223,18.0,90.0,479.7130301349554,4.0,0.0,3.0,3.0,44.599534938248894
Swainsons Thrush,2001,4.0,8.093658950385223,21.0,93.0,524.3125650732043,-3.8,0.0,-1.0,-21.0,-137.68102418134663
Swainsons Thrush,2002,0.2,8.093658950385223,20.0,72.0,386.63154089185764,0.0,0.0,-1.0,18.0,156.1055548649574
Swainsons Thrush,2003,0.2,8.093658950385223,19.0,90.0,542.737095756815,0.0,0.0,3.0,-12.0,-43.556870489634775
Swainsons Thrush,2004,0.2,8.093658950385223,22.0,78.0,499.1802252671803,0.0,0.0,-3.0,18.0,114.20527531547168
Swainsons Thrush,2005,0.2,8.093658950385223,19.0,96.0,613.385500582652,-0.2,0.0,4.0,13.0,82.12066491397024
Swainsons Thrush,2006,0.0,8.093658950385223,23.0,109.0,695.5061654966222,0.2,0.0,1.0,-8.0,-6.858380652262554
Swainsons Thrush,2007,0.2,8.093658950385223,24.0,101.0,688.6477848443596,1.8,0.0,-2.0,-8.0,-91.34507924893
Swainsons Thrush,2008,2.0,8.093658950385223,22.0,93.0,597.3027055954296,0.0,0.0,-3.0,14.0,57.366118190624775
Swainsons Thrush,2009,2.0,8.093658950385223,19.0,107.0,654.6688237860544,1.0,0.0,4.0,2.0,27.50681673157078
Swainsons Thrush,2010,3.0,8.093658950385223,23.0,109.0,682.1756405176252,-1.0,0.0,0.0,-12.0,-68.83183687628036
Swainsons Thrush,2011,2.0,8.093658950385223,23.0,97.0,613.3438036413448,-1.0,0.0,-2.0,9.0,65.51972751767255
Swainsons Thrush,2012,1.0,8.093658950385223,21.0,106.0,678.8635311590174,1.0,0.0,1.0,15.0,49.829950069092774
Swainsons Thrush,2013,2.0,8.093658950385223,22.0,121.0,728.6934812281102,0.0,0.0,2.0,-7.0,-32.61267620037563
Swainsons Thrush,2014,2.0,8.093658950385223,24.0,114.0,696.0808050277345,0.0,0.0,0.0,1.0,130.57125964865213
Brown creeper,1986,0.5,3.4635015375621987,20.0,92.0,541.1675599992918,-0.5,0.0,-2.0,-6.0,-52.000148766845086
Brown creeper,1987,0.0,3.4635015375621987,18.0,86.0,489.16741123244674,0.5,0.0,6.0,28.0,149.5887045652214
Brown creeper,1988,0.5,3.4635015375621987,24.0,114.0,638.7561157976681,-0.5,0.0,-3.0,-12.0,-51.561296284493665
Brown creeper,1989,0.0,3.4635015375621987,21.0,102.0,587.1948195131745,2.5,0.0,5.0,32.0,169.76647504189418
Brown creeper,1990,2.5,3.4635015375621987,26.0,134.0,756.9612945550687,-0.5,0.0,-1.0,-13.0,-94.83080373801465
Brown creeper,1991,2.0,3.4635015375621987,25.0,121.0,662.130490817054,-1.5,0.0,0.0,9.0,98.21206532250051
Brown creeper,1992,0.5,3.4635015375621987,25.0,130.0,760.3425561395545,-0.5,0.0,-4.0,-35.0,-245.2662580152604
Brown creeper,1993,0.0,3.4635015375621987,21.0,95.0,515.0762981242941,1.5,0.0,0.0,-10.0,-16.42080807526878
Brown creeper,1994,1.5,3.4635015375621987,21.0,85.0,498.65549004902533,-1.5,0.0,-2.0,-11.0,54.74896776042334
Brown creeper,1995,0.0,3.4635015375621987,19.0,74.0,553.4044578094487,1.0,0.0,2.0,19.0,48.729717722541864
Brown creeper,1996,1.0,3.4635015375621987,21.0,93.0,602.1341755319905,-1.0,0.0,-2.0,-6.0,-81.22435643851725
Brown creeper,1997,0.0,3.4635015375621987,19.0,87.0,520.9098190934733,2.0,0.0,-1.0,-14.0,-129.70067374599694
Brown creeper,1998,2.0,3.4635015375621987,18.0,73.0,391.20914534747635,-2.0,0.0,-2.0,12.0,85.06387382409855
Brown creeper,1999,0.0,3.4635015375621987,16.0,85.0,476.2730191715749,2.0,0.0,2.0,5.0,3.440010963380473
Brown creeper,2000,2.0,3.4635015375621987,18.0,90.0,479.7130301349554,0.0,0.0,3.0,3.0,44.599534938248894
Brown creeper,2001,2.0,3.4635015375621987,21.0,93.0,524.3125650732043,0.0,0.0,-1.0,-21.0,-137.68102418134663
Brown creeper,2002,2.0,3.4635015375621987,20.0,72.0,386.63154089185764,-1.8,0.0,-1.0,18.0,156.1055548649574
Brown creeper,2003,0.2,3.4635015375621987,19.0,90.0,542.737095756815,0.0,0.0,3.0,-12.0,-43.556870489634775
Brown creeper,2004,0.2,3.4635015375621987,22.0,78.0,499.1802252671803,-0.2,0.0,-3.0,18.0,114.20527531547168
Brown creeper,2005,0.0,3.4635015375621987,19.0,96.0,613.385500582652,2.0,0.0,4.0,13.0,82.12066491397024
Brown creeper,2006,2.0,3.4635015375621987,23.0,109.0,695.5061654966222,-1.0,0.0,1.0,-8.0,-6.858380652262554
Brown creeper,2007,1.0,3.4635015375621987,24.0,101.0,688.6477848443596,-0.8,0.0,-2.0,-8.0,-91.34507924893
Brown creeper,2008,0.2,3.4635015375621987,22.0,93.0,597.3027055954296,-0.2,0.0,-3.0,14.0,57.366118190624775
Brown creeper,2009,0.0,3.4635015375621987,19.0,107.0,654.6688237860544,4.0,0.0,4.0,2.0,27.50681673157078
Brown creeper,2010,4.0,3.4635015375621987,23.0,109.0,682.1756405176252,-3.8,0.0,0.0,-12.0,-68.83183687628036
Brown creeper,2011,0.2,3.4635015375621987,23.0,97.0,613.3438036413448,-0.2,0.0,-2.0,9.0,65.51972751767255
Brown creeper,2012,0.0,3.4635015375621987,21.0,106.0,678.8635311590174,0.2,0.0,1.0,15.0,49.829950069092774
Brown creeper,2013,0.2,3.4635015375621987,22.0,121.0,728.6934812281102,-0.2,0.0,2.0,-7.0,-32.61267620037563
Brown creeper,2014,0.0,3.4635015375621987,24.0,114.0,696.0808050277345,2.0,0.0,0.0,1.0,130.57125964865213
Archilochus colubris,1986,0.0,1.7112726763698574,20.0,92.0,541.1675599992918,0.0,0.0,-2.0,-6.0,-52.000148766845086
Archilochus colubris,1987,0.0,1.7112726763698574,18.0,86.0,489.16741123244674,0.0,0.0,6.0,28.0,149.5887045652214
Archilochus colubris,1988,0.0,1.7112726763698574,24.0,114.0,638.7561157976681,0.0,0.0,-3.0,-12.0,-51.561296284493665
Archilochus colubris,1989,0.0,1.7112726763698574,21.0,102.0,587.1948195131745,1.0,0.0,5.0,32.0,169.76647504189418
Archilochus colubris,1990,1.0,1.7112726763698574,26.0,134.0,756.9612945550687,1.0,0.0,-1.0,-13.0,-94.83080373801465
Archilochus colubris,1991,2.0,1.7112726763698574,25.0,121.0,662.130490817054,-2.0,0.0,0.0,9.0,98.21206532250051
Archilochus colubris,1992,0.0,1.7112726763698574,25.0,130.0,760.3425561395545,0.0,0.0,-4.0,-35.0,-245.2662580152604
Archilochus colubris,1993,0.0,1.7112726763698574,21.0,95.0,515.0762981242941,0.0,0.0,0.0,-10.0,-16.42080807526878
Archilochus colubris,1994,0.0,1.7112726763698574,21.0,85.0,498.65549004902533,0.0,0.0,-2.0,-11.0,54.74896776042334
Archilochus colubris,1995,0.0,1.7112726763698574,19.0,74.0,553.4044578094487,0.0,0.0,2.0,19.0,48.729717722541864
Archilochus colubris,1996,0.0,1.7112726763698574,21.0,93.0,602.1341755319905,0.0,0.0,-2.0,-6.0,-81.22435643851725
Archilochus colubris,1997,0.0,1.7112726763698574,19.0,87.0,520.9098190934733,0.0,0.0,-1.0,-14.0,-129.70067374599694
Archilochus colubris,1998,0.0,1.7112726763698574,18.0,73.0,391.20914534747635,0.0,0.0,-2.0,12.0,85.06387382409855
Archilochus colubris,1999,0.0,1.7112726763698574,16.0,85.0,476.2730191715749,0.0,0.0,2.0,5.0,3.440010963380473
Archilochus colubris,2000,0.0,1.7112726763698574,18.0,90.0,479.7130301349554,0.0,0.0,3.0,3.0,44.599534938248894
Archilochus colubris,2001,0.0,1.7112726763698574,21.0,93.0,524.3125650732043,0.0,0.0,-1.0,-21.0,-137.68102418134663
Archilochus colubris,2002,0.0,1.7112726763698574,20.0,72.0,386.63154089185764,0.0,0.0,-1.0,18.0,156.1055548649574
Archilochus colubris,2003,0.0,1.7112726763698574,19.0,90.0,542.737095756815,0.2,0.0,3.0,-12.0,-43.556870489634775
Archilochus colubris,2004,0.2,1.7112726763698574,22.0,78.0,499.1802252671803,-0.2,0.0,-3.0,18.0,114.20527531547168
Archilochus colubris,2005,0.0,1.7112726763698574,19.0,96.0,613.385500582652,1.0,0.0,4.0,13.0,82.12066491397024
Archilochus colubris,2006,1.0,1.7112726763698574,23.0,109.0,695.5061654966222,0.0,0.0,1.0,-8.0,-6.858380652262554
Archilochus colubris,2007,1.0,1.7112726763698574,24.0,101.0,688.6477848443596,-0.8,0.0,-2.0,-8.0,-91.34507924893
Archilochus colubris,2008,0.2,1.7112726763698574,22.0,93.0,597.3027055954296,-0.2,0.0,-3.0,14.0,57.366118190624775
Archilochus colubris,2009,0.0,1.7112726763698574,19.0,107.0,654.6688237860544,1.0,0.0,4.0,2.0,27.50681673157078
Archilochus colubris,2010,1.0,1.7112726763698574,23.0,109.0,682.1756405176252,-0.8,0.0,0.0,-12.0,-68.83183687628036
Archilochus colubris,2011,0.2,1.7112726763698574,23.0,97.0,613.3438036413448,2.8,0.0,-2.0,9.0,65.51972751767255
Archilochus colubris,2012,3.0,1.7112726763698574,21.0,106.0,678.8635311590174,1.0,0.0,1.0,15.0,49.829950069092774
Archilochus colubris,2013,4.0,1.7112726763698574,22.0,121.0,728.6934812281102,-3.0,0.0,2.0,-7.0,-32.61267620037563
Archilochus colubris,2014,1.0,1.7112726763698574,24.0,114.0,696.0808050277345,2.0,0.0,0.0,1.0,130.57125964865213
Setophaga ruticilla,1986,13.0,3.4168599028691506,20.0,92.0,541.1675599992918,-2.0,0.0,-2.0,-6.0,-52.000148766845086
Setophaga ruticilla,1987,11.0,3.4168599028691506,18.0,86.0,489.16741123244674,2.5,0.0,6.0,28.0,149.5887045652214
Setophaga ruticilla,1988,13.5,3.4168599028691506,24.0,114.0,638.7561157976681,-8.0,0.0,-3.0,-12.0,-51.561296284493665
Setophaga ruticilla,1989,5.5,3.4168599028691506,21.0,102.0,587.1948195131745,13.0,0.0,5.0,32.0,169.76647504189418
Setophaga ruticilla,1990,18.5,3.4168599028691506,26.0,134.0,756.9612945550687,-4.5,0.0,-1.0,-13.0,-94.83080373801465
Setophaga ruticilla,1991,14.0,3.4168599028691506,25.0,121.0,662.130490817054,5.0,0.0,0.0,9.0,98.21206532250051
Setophaga ruticilla,1992,19.0,3.4168599028691506,25.0,130.0,760.3425561395545,-6.0,0.0,-4.0,-35.0,-245.2662580152604
Setophaga ruticilla,1993,13.0,3.4168599028691506,21.0,95.0,515.0762981242941,-5.5,0.0,0.0,-10.0,-16.42080807526878
Setophaga ruticilla,1994,7.5,3.4168599028691506,21.0,85.0,498.65549004902533,-5.5,0.0,-2.0,-11.0,54.74896776042334
Setophaga ruticilla,1995,2.0,3.4168599028691506,19.0,74.0,553.4044578094487,8.5,0.0,2.0,19.0,48.729717722541864
Setophaga ruticilla,1996,10.5,3.4168599028691506,21.0,93.0,602.1341755319905,0.0,0.0,-2.0,-6.0,-81.22435643851725
Setophaga ruticilla,1997,10.5,3.4168599028691506,19.0,87.0,520.9098190934733,-0.5,0.0,-1.0,-14.0,-129.70067374599694
Setophaga ruticilla,1998,10.0,3.4168599028691506,18.0,73.0,391.20914534747635,-0.5,0.0,-2.0,12.0,85.06387382409855
Setophaga ruticilla,1999,9.5,3.4168599028691506,16.0,85.0,476.2730191715749,-2.0,0.0,2.0,5.0,3.440010963380473
Setophaga ruticilla,2000,7.5,3.4168599028691506,18.0,90.0,479.7130301349554,-3.5,0.0,3.0,3.0,44.599534938248894
Setophaga ruticilla,2001,4.0,3.4168599028691506,21.0,93.0,524.3125650732043,-2.0,0.0,-1.0,-21.0,-137.68102418134663
Setophaga ruticilla,2002,2.0,3.4168599028691506,20.0,72.0,386.63154089185764,5.0,0.0,-1.0,18.0,156.1055548649574
Setophaga ruticilla,2003,7.0,3.4168599028691506,19.0,90.0,542.737095756815,-5.0,0.0,3.0,-12.0,-43.556870489634775
Setophaga ruticilla,2004,2.0,3.4168599028691506,22.0,78.0,499.1802252671803,-1.0,0.0,-3.0,18.0,114.20527531547168
Setophaga ruticilla,2005,1.0,3.4168599028691506,19.0,96.0,613.385500582652,1.0,0.0,4.0,13.0,82.12066491397024
Setophaga ruticilla,2006,2.0,3.4168599028691506,23.0,109.0,695.5061654966222,0.0,0.0,1.0,-8.0,-6.858380652262554
Setophaga ruticilla,2007,2.0,3.4168599028691506,24.0,101.0,688.6477848443596,1.0,0.0,-2.0,-8.0,-91.34507924893
Setophaga ruticilla,2008,3.0,3.4168599028691506,22.0,93.0,597.3027055954296,-2.5,0.0,-3.0,14.0,57.366118190624775
Setophaga ruticilla,2009,0.5,3.4168599028691506,19.0,107.0,654.6688237860544,-0.3,0.0,4.0,2.0,27.50681673157078
Setophaga ruticilla,2010,0.2,3.4168599028691506,23.0,109.0,682.1756405176252,-0.2,0.0,0.0,-12.0,-68.83183687628036
Setophaga ruticilla,2011,0.0,3.4168599028691506,23.0,97.0,613.3438036413448,2.0,0.0,-2.0,9.0,65.51972751767255
Setophaga ruticilla,2012,2.0,3.4168599028691506,21.0,106.0,678.8635311590174,-2.0,0.0,1.0,15.0,49.829950069092774
Setophaga ruticilla,2013,0.0,3.4168599028691506,22.0,121.0,728.6934812281102,0.0,0.0,2.0,-7.0,-32.61267620037563
Setophaga ruticilla,2014,0.0,3.4168599028691506,24.0,114.0,696.0808050277345,0.0,0.0,0.0,1.0,130.57125964865213
Mniotilta varia,1986,0.0,4.161828396907142,20.0,92.0,541.1675599992918,0.0,0.0,-2.0,-6.0,-52.000148766845086
Mniotilta varia,1987,0.0,4.161828396907142,18.0,86.0,489.16741123244674,0.0,0.0,6.0,28.0,149.5887045652214
Mniotilta varia,1988,0.0,4.161828396907142,24.0,114.0,638.7561157976681,0.0,0.0,-3.0,-12.0,-51.561296284493665
Mniotilta varia,1989,0.0,4.161828396907142,21.0,102.0,587.1948195131745,0.0,0.0,5.0,32.0,169.76647504189418
Mniotilta varia,1990,0.0,4.161828396907142,26.0,134.0,756.9612945550687,0.0,0.0,-1.0,-13.0,-94.83080373801465
Mniotilta varia,1991,0.0,4.161828396907142,25.0,121.0,662.130490817054,0.0,0.0,0.0,9.0,98.21206532250051
Mniotilta varia,1992,0.0,4.161828396907142,25.0,130.0,760.3425561395545,0.0,0.0,-4.0,-35.0,-245.2662580152604
Mniotilta varia,1993,0.0,4.161828396907142,21.0,95.0,515.0762981242941,0.0,0.0,0.0,-10.0,-16.42080807526878
Mniotilta varia,1994,0.0,4.161828396907142,21.0,85.0,498.65549004902533,0.0,0.0,-2.0,-11.0,54.74896776042334
Mniotilta varia,1995,0.0,4.161828396907142,19.0,74.0,553.4044578094487,0.0,0.0,2.0,19.0,48.729717722541864
Mniotilta varia,1996,0.0,4.161828396907142,21.0,93.0,602.1341755319905,0.0,0.0,-2.0,-6.0,-81.22435643851725
Mniotilta varia,1997,0.0,4.161828396907142,19.0,87.0,520.9098190934733,0.0,0.0,-1.0,-14.0,-129.70067374599694
Mniotilta varia,1998,0.0,4.161828396907142,18.0,73.0,391.20914534747635,0.0,0.0,-2.0,12.0,85.06387382409855
Mniotilta varia,1999,0.0,4.161828396907142,16.0,85.0,476.2730191715749,0.0,0.0,2.0,5.0,3.440010963380473
Mniotilta varia,2000,0.0,4.161828396907142,18.0,90.0,479.7130301349554,0.0,0.0,3.0,3.0,44.599534938248894
Mniotilta varia,2001,0.0,4.161828396907142,21.0,93.0,524.3125650732043,0.0,0.0,-1.0,-21.0,-137.68102418134663
Mniotilta varia,2002,0.0,4.161828396907142,20.0,72.0,386.63154089185764,0.0,0.0,-1.0,18.0,156.1055548649574
Mniotilta varia,2003,0.0,4.161828396907142,19.0,90.0,542.737095756815,0.0,0.0,3.0,-12.0,-43.556870489634775
Mniotilta varia,2004,0.0,4.161828396907142,22.0,78.0,499.1802252671803,0.0,0.0,-3.0,18.0,114.20527531547168
Mniotilta varia,2005,0.0,4.161828396907142,19.0,96.0,613.385500582652,0.0,0.0,4.0,13.0,82.12066491397024
Mniotilta varia,2006,0.0,4.161828396907142,23.0,109.0,695.5061654966222,0.0,0.0,1.0,-8.0,-6.858380652262554
Mniotilta varia,2007,0.0,4.161828396907142,24.0,101.0,688.6477848443596,0.0,0.0,-2.0,-8.0,-91.34507924893
Mniotilta varia,2008,0.0,4.161828396907142,22.0,93.0,597.3027055954296,2.0,0.0,-3.0,14.0,57.366118190624775
Mniotilta varia,2009,2.0,4.161828396907142,19.0,107.0,654.6688237860544,-2.0,0.0,4.0,2.0,27.50681673157078
Mniotilta varia,2010,0.0,4.161828396907142,23.0,109.0,682.1756405176252,0.2,0.0,0.0,-12.0,-68.83183687628036
Mniotilta varia,2011,0.2,4.161828396907142,23.0,97.0,613.3438036413448,0.0,0.0,-2.0,9.0,65.51972751767255
Mniotilta varia,2012,0.2,4.161828396907142,21.0,106.0,678.8635311590174,-0.2,0.0,1.0,15.0,49.829950069092774
Mniotilta varia,2013,0.0,4.161828396907142,22.0,121.0,728.6934812281102,2.5,0.0,2.0,-7.0,-32.61267620037563
Mniotilta varia,2014,2.5,4.161828396907142,24.0,114.0,696.0808050277345,-2.5,0.0,0.0,1.0,130.57125964865213
Piranga olivacea,1986,2.0,8.13437349546238,20.0,92.0,541.1675599992918,-0.5,0.0,-2.0,-6.0,-52.000148766845086
Piranga olivacea,1987,1.5,8.13437349546238,18.0,86.0,489.16741123244674,0.5,0.0,6.0,28.0,149.5887045652214
Piranga olivacea,1988,2.0,8.13437349546238,24.0,114.0,638.7561157976681,0.5,0.0,-3.0,-12.0,-51.561296284493665
Piranga olivacea,1989,2.5,8.13437349546238,21.0,102.0,587.1948195131745,-1.0,0.0,5.0,32.0,169.76647504189418
Piranga olivacea,1990,1.5,8.13437349546238,26.0,134.0,756.9612945550687,1.0,0.0,-1.0,-13.0,-94.83080373801465
Piranga olivacea,1991,2.5,8.13437349546238,25.0,121.0,662.130490817054,2.0,0.0,0.0,9.0,98.21206532250051
Piranga olivacea,1992,4.5,8.13437349546238,25.0,130.0,760.3425561395545,-1.0,0.0,-4.0,-35.0,-245.2662580152604
Piranga olivacea,1993,3.5,8.13437349546238,21.0,95.0,515.0762981242941,0.0,0.0,0.0,-10.0,-16.42080807526878
Piranga olivacea,1994,3.5,8.13437349546238,21.0,85.0,498.65549004902533,-1.5,0.0,-2.0,-11.0,54.74896776042334
Piranga olivacea,1995,2.0,8.13437349546238,19.0,74.0,553.4044578094487,0.0,0.0,2.0,19.0,48.729717722541864
Piranga olivacea,1996,2.0,8.13437349546238,21.0,93.0,602.1341755319905,0.0,0.0,-2.0,-6.0,-81.22435643851725
Piranga olivacea,1997,2.0,8.13437349546238,19.0,87.0,520.9098190934733,0.0,0.0,-1.0,-14.0,-129.70067374599694
Piranga olivacea,1998,2.0,8.13437349546238,18.0,73.0,391.20914534747635,0.0,0.0,-2.0,12.0,85.06387382409855
Piranga olivacea,1999,2.0,8.13437349546238,16.0,85.0,476.2730191715749,-1.0,0.0,2.0,5.0,3.440010963380473
Piranga olivacea,2000,1.0,8.13437349546238,18.0,90.0,479.7130301349554,-0.5,0.0,3.0,3.0,44.599534938248894
Piranga olivacea,2001,0.5,8.13437349546238,21.0,93.0,524.3125650732043,0.5,0.0,-1.0,-21.0,-137.68102418134663
Piranga olivacea,2002,1.0,8.13437349546238,20.0,72.0,386.63154089185764,4.0,0.0,-1.0,18.0,156.1055548649574
Piranga olivacea,2003,5.0,8.13437349546238,19.0,90.0,542.737095756815,-1.0,0.0,3.0,-12.0,-43.556870489634775
Piranga olivacea,2004,4.0,8.13437349546238,22.0,78.0,499.1802252671803,1.5,0.0,-3.0,18.0,114.20527531547168
Piranga olivacea,2005,5.5,8.13437349546238,19.0,96.0,613.385500582652,-1.5,0.0,4.0,13.0,82.12066491397024
Piranga olivacea,2006,4.0,8.13437349546238,23.0,109.0,695.5061654966222,-2.5,0.0,1.0,-8.0,-6.858380652262554
Piranga olivacea,2007,1.5,8.13437349546238,24.0,101.0,688.6477848443596,1.5,0.0,-2.0,-8.0,-91.34507924893
Piranga olivacea,2008,3.0,8.13437349546238,22.0,93.0,597.3027055954296,-1.5,0.0,-3.0,14.0,57.366118190624775
Piranga olivacea,2009,1.5,8.13437349546238,19.0,107.0,654.6688237860544,3.0,0.0,4.0,2.0,27.50681673157078
Piranga olivacea,2010,4.5,8.13437349546238,23.0,109.0,682.1756405176252,-0.5,0.0,0.0,-12.0,-68.83183687628036
Piranga olivacea,2011,4.0,8.13437349546238,23.0,97.0,613.3438036413448,1.0,0.0,-2.0,9.0,65.51972751767255
Piranga olivacea,2012,5.0,8.13437349546238,21.0,106.0,678.8635311590174,-1.5,0.0,1.0,15.0,49.829950069092774
Piranga olivacea,2013,3.5,8.13437349546238,22.0,121.0,728.6934812281102,1.0,0.0,2.0,-7.0,-32.61267620037563
Piranga olivacea,2014,4.5,8.13437349546238,24.0,114.0,696.0808050277345,-1.5,0.0,0.0,1.0,130.57125964865213
Yellow-bellied Sapsucker,1986,2.0,11.308716330735198,20.0,92.0,541.1675599992918,0.0,0.0,-2.0,-6.0,-52.000148766845086
Yellow-bellied Sapsucker,1987,2.0,11.308716330735198,18.0,86.0,489.16741123244674,-1.0,0.0,6.0,28.0,149.5887045652214
Yellow-bellied Sapsucker,1988,1.0,11.308716330735198,24.0,114.0,638.7561157976681,0.5,0.0,-3.0,-12.0,-51.561296284493665
Yellow-bellied Sapsucker,1989,1.5,11.308716330735198,21.0,102.0,587.1948195131745,1.5,0.0,5.0,32.0,169.76647504189418
Yellow-bellied Sapsucker,1990,3.0,11.308716330735198,26.0,134.0,756.9612945550687,-1.0,0.0,-1.0,-13.0,-94.83080373801465
Yellow-bellied Sapsucker,1991,2.0,11.308716330735198,25.0,121.0,662.130490817054,1.0,0.0,0.0,9.0,98.21206532250051
Yellow-bellied Sapsucker,1992,3.0,11.308716330735198,25.0,130.0,760.3425561395545,-2.0,0.0,-4.0,-35.0,-245.2662580152604
Yellow-bellied Sapsucker,1993,1.0,11.308716330735198,21.0,95.0,515.0762981242941,1.5,0.0,0.0,-10.0,-16.42080807526878
Yellow-bellied Sapsucker,1994,2.5,11.308716330735198,21.0,85.0,498.65549004902533,-0.5,0.0,-2.0,-11.0,54.74896776042334
Yellow-bellied Sapsucker,1995,2.0,11.308716330735198,19.0,74.0,553.4044578094487,0.0,0.0,2.0,19.0,48.729717722541864
Yellow-bellied Sapsucker,1996,2.0,11.308716330735198,21.0,93.0,602.1341755319905,1.0,0.0,-2.0,-6.0,-81.22435643851725
Yellow-bellied Sapsucker,1997,3.0,11.308716330735198,19.0,87.0,520.9098190934733,-1.0,0.0,-1.0,-14.0,-129.70067374599694
Yellow-bellied Sapsucker,1998,2.0,11.308716330735198,18.0,73.0,391.20914534747635,-0.5,0.0,-2.0,12.0,85.06387382409855
Yellow-bellied Sapsucker,1999,1.5,11.308716330735198,16.0,85.0,476.2730191715749,1.5,0.0,2.0,5.0,3.440010963380473
Yellow-bellied Sapsucker,2000,3.0,11.308716330735198,18.0,90.0,479.7130301349554,0.0,0.0,3.0,3.0,44.599534938248894
Yellow-bellied Sapsucker,2001,3.0,11.308716330735198,21.0,93.0,524.3125650732043,-1.0,0.0,-1.0,-21.0,-137.68102418134663
Yellow-bellied Sapsucker,2002,2.0,11.308716330735198,20.0,72.0,386.63154089185764,2.0,0.0,-1.0,18.0,156.1055548649574
Yellow-bellied Sapsucker,2003,4.0,11.308716330735198,19.0,90.0,542.737095756815,0.0,0.0,3.0,-12.0,-43.556870489634775
Yellow-bellied Sapsucker,2004,4.0,11.308716330735198,22.0,78.0,499.1802252671803,1.0,0.0,-3.0,18.0,114.20527531547168
Yellow-bellied Sapsucker,2005,5.0,11.308716330735198,19.0,96.0,613.385500582652,-3.0,0.0,4.0,13.0,82.12066491397024
Yellow-bellied Sapsucker,2006,2.0,11.308716330735198,23.0,109.0,695.5061654966222,2.0,0.0,1.0,-8.0,-6.858380652262554
Yellow-bellied Sapsucker,2007,4.0,11.308716330735198,24.0,101.0,688.6477848443596,-0.5,0.0,-2.0,-8.0,-91.34507924893
Yellow-bellied Sapsucker,2008,3.5,11.308716330735198,22.0,93.0,597.3027055954296,0.0,0.0,-3.0,14.0,57.366118190624775
Yellow-bellied Sapsucker,2009,3.5,11.308716330735198,19.0,107.0,654.6688237860544,1.0,0.0,4.0,2.0,27.50681673157078
Yellow-bellied Sapsucker,2010,4.5,11.308716330735198,23.0,109.0,682.1756405176252,-1.5,0.0,0.0,-12.0,-68.83183687628036
Yellow-bellied Sapsucker,2011,3.0,11.308716330735198,23.0,97.0,613.3438036413448,2.5,0.0,-2.0,9.0,65.51972751767255
Yellow-bellied Sapsucker,2012,5.5,11.308716330735198,21.0,106.0,678.8635311590174,-1.5,0.0,1.0,15.0,49.829950069092774
Yellow-bellied Sapsucker,2013,4.0,11.308716330735198,22.0,121.0,728.6934812281102,0.0,0.0,2.0,-7.0,-32.61267620037563
Yellow-bellied Sapsucker,2014,4.0,11.308716330735198,24.0,114.0,696.0808050277345,1.0,0.0,0.0,1.0,130.57125964865213
Empidonax minimus,1986,0.0,3.9165032214220905,20.0,92.0,541.1675599992918,0.0,0.0,-2.0,-6.0,-52.000148766845086
Empidonax minimus,1987,0.0,3.9165032214220905,18.0,86.0,489.16741123244674,6.0,0.0,6.0,28.0,149.5887045652214
Empidonax minimus,1988,6.0,3.9165032214220905,24.0,114.0,638.7561157976681,-6.0,0.0,-3.0,-12.0,-51.561296284493665
Empidonax minimus,1989,0.0,3.9165032214220905,21.0,102.0,587.1948195131745,0.0,0.0,5.0,32.0,169.76647504189418
Empidonax minimus,1990,0.0,3.9165032214220905,26.0,134.0,756.9612945550687,1.5,0.0,-1.0,-13.0,-94.83080373801465
Empidonax minimus,1991,1.5,3.9165032214220905,25.0,121.0,662.130490817054,-0.5,0.0,0.0,9.0,98.21206532250051
Empidonax minimus,1992,1.0,3.9165032214220905,25.0,130.0,760.3425561395545,-1.0,0.0,-4.0,-35.0,-245.2662580152604
Empidonax minimus,1993,0.0,3.9165032214220905,21.0,95.0,515.0762981242941,0.0,0.0,0.0,-10.0,-16.42080807526878
Empidonax minimus,1994,0.0,3.9165032214220905,21.0,85.0,498.65549004902533,0.0,0.0,-2.0,-11.0,54.74896776042334
Empidonax minimus,1995,0.0,3.9165032214220905,19.0,74.0,553.4044578094487,0.0,0.0,2.0,19.0,48.729717722541864
Empidonax minimus,1996,0.0,3.9165032214220905,21.0,93.0,602.1341755319905,0.0,0.0,-2.0,-6.0,-81.22435643851725
Empidonax minimus,1997,0.0,3.9165032214220905,19.0,87.0,520.9098190934733,0.0,0.0,-1.0,-14.0,-129.70067374599694
Empidonax minimus,1998,0.0,3.9165032214220905,18.0,73.0,391.20914534747635,0.0,0.0,-2.0,12.0,85.06387382409855
Empidonax minimus,1999,0.0,3.9165032214220905,16.0,85.0,476.2730191715749,0.0,0.0,2.0,5.0,3.440010963380473
Empidonax minimus,2000,0.0,3.9165032214220905,18.0,90.0,479.7130301349554,0.0,0.0,3.0,3.0,44.599534938248894
Empidonax minimus,2001,0.0,3.9165032214220905,21.0,93.0,524.3125650732043,0.0,0.0,-1.0,-21.0,-137.68102418134663
Empidonax minimus,2002,0.0,3.9165032214220905,20.0,72.0,386.63154089185764,0.0,0.0,-1.0,18.0,156.1055548649574
Empidonax minimus,2003,0.0,3.9165032214220905,19.0,90.0,542.737095756815,0.0,0.0,3.0,-12.0,-43.556870489634775
Empidonax minimus,2004,0.0,3.9165032214220905,22.0,78.0,499.1802252671803,0.0,0.0,-3.0,18.0,114.20527531547168
Empidonax minimus,2005,0.0,3.9165032214220905,19.0,96.0,613.385500582652,0.0,0.0,4.0,13.0,82.12066491397024
Empidonax minimus,2006,0.0,3.9165032214220905,23.0,109.0,695.5061654966222,0.0,0.0,1.0,-8.0,-6.858380652262554
Empidonax minimus,2007,0.0,3.9165032214220905,24.0,101.0,688.6477848443596,0.0,0.0,-2.0,-8.0,-91.34507924893
Empidonax minimus,2008,0.0,3.9165032214220905,22.0,93.0,597.3027055954296,0.0,0.0,-3.0,14.0,57.366118190624775
Empidonax minimus,2009,0.0,3.9165032214220905,19.0,107.0,654.6688237860544,0.0,0.0,4.0,2.0,27.50681673157078
Empidonax minimus,2010,0.0,3.9165032214220905,23.0,109.0,682.1756405176252,0.0,0.0,0.0,-12.0,-68.83183687628036
Empidonax minimus,2011,0.0,3.9165032214220905,23.0,97.0,613.3438036413448,0.0,0.0,-2.0,9.0,65.51972751767255
Empidonax minimus,2012,0.0,3.9165032214220905,21.0,106.0,678.8635311590174,0.0,0.0,1.0,15.0,49.829950069092774
Empidonax minimus,2013,0.0,3.9165032214220905,22.0,121.0,728.6934812281102,0.0,0.0,2.0,-7.0,-32.61267620037563
Empidonax minimus,2014,0.0,3.9165032214220905,24.0,114.0,696.0808050277345,0.0,0.0,0.0,1.0,130.57125964865213
Hermit Thrush,1986,2.0,7.991495095276901,20.0,92.0,541.1675599992918,0.0,0.0,-2.0,-6.0,-52.000148766845086
Hermit Thrush,1987,2.0,7.991495095276901,18.0,86.0,489.16741123244674,2.0,0.0,6.0,28.0,149.5887045652214
Hermit Thrush,1988,4.0,7.991495095276901,24.0,114.0,638.7561157976681,0.0,0.0,-3.0,-12.0,-51.561296284493665
Hermit Thrush,1989,4.0,7.991495095276901,21.0,102.0,587.1948195131745,1.0,0.0,5.0,32.0,169.76647504189418
Hermit Thrush,1990,5.0,7.991495095276901,26.0,134.0,756.9612945550687,-3.0,0.0,-1.0,-13.0,-94.83080373801465
Hermit Thrush,1991,2.0,7.991495095276901,25.0,121.0,662.130490817054,3.0,0.0,0.0,9.0,98.21206532250051
Hermit Thrush,1992,5.0,7.991495095276901,25.0,130.0,760.3425561395545,-2.0,0.0,-4.0,-35.0,-245.2662580152604
Hermit Thrush,1993,3.0,7.991495095276901,21.0,95.0,515.0762981242941,0.5,0.0,0.0,-10.0,-16.42080807526878
Hermit Thrush,1994,3.5,7.991495095276901,21.0,85.0,498.65549004902533,-1.5,0.0,-2.0,-11.0,54.74896776042334
Hermit Thrush,1995,2.0,7.991495095276901,19.0,74.0,553.4044578094487,3.0,0.0,2.0,19.0,48.729717722541864
Hermit Thrush,1996,5.0,7.991495095276901,21.0,93.0,602.1341755319905,-4.0,0.0,-2.0,-6.0,-81.22435643851725
Hermit Thrush,1997,1.0,7.991495095276901,19.0,87.0,520.9098190934733,2.0,0.0,-1.0,-14.0,-129.70067374599694
Hermit Thrush,1998,3.0,7.991495095276901,18.0,73.0,391.20914534747635,0.0,0.0,-2.0,12.0,85.06387382409855
Hermit Thrush,1999,3.0,7.991495095276901,16.0,85.0,476.2730191715749,0.0,0.0,2.0,5.0,3.440010963380473
Hermit Thrush,2000,3.0,7.991495095276901,18.0,90.0,479.7130301349554,1.5,0.0,3.0,3.0,44.599534938248894
Hermit Thrush,2001,4.5,7.991495095276901,21.0,93.0,524.3125650732043,-1.5,0.0,-1.0,-21.0,-137.68102418134663
Hermit Thrush,2002,3.0,7.991495095276901,20.0,72.0,386.63154089185764,1.5,0.0,-1.0,18.0,156.1055548649574
Hermit Thrush,2003,4.5,7.991495095276901,19.0,90.0,542.737095756815,-1.5,0.0,3.0,-12.0,-43.556870489634775
Hermit Thrush,2004,3.0,7.991495095276901,22.0,78.0,499.1802252671803,1.5,0.0,-3.0,18.0,114.20527531547168
Hermit Thrush,2005,4.5,7.991495095276901,19.0,96.0,613.385500582652,2.0,0.0,4.0,13.0,82.12066491397024
Hermit Thrush,2006,6.5,7.991495095276901,23.0,109.0,695.5061654966222,-2.0,0.0,1.0,-8.0,-6.858380652262554
Hermit Thrush,2007,4.5,7.991495095276901,24.0,101.0,688.6477848443596,0.0,0.0,-2.0,-8.0,-91.34507924893
Hermit Thrush,2008,4.5,7.991495095276901,22.0,93.0,597.3027055954296,2.0,0.0,-3.0,14.0,57.366118190624775
Hermit Thrush,2009,6.5,7.991495095276901,19.0,107.0,654.6688237860544,-1.0,0.0,4.0,2.0,27.50681673157078
Hermit Thrush,2010,5.5,7.991495095276901,23.0,109.0,682.1756405176252,-1.5,0.0,0.0,-12.0,-68.83183687628036
Hermit Thrush,2011,4.0,7.991495095276901,23.0,97.0,613.3438036413448,3.0,0.0,-2.0,9.0,65.51972751767255
Hermit Thrush,2012,7.0,7.991495095276901,21.0,106.0,678.8635311590174,-0.5,0.0,1.0,15.0,49.829950069092774
Hermit Thrush,2013,6.5,7.991495095276901,22.0,121.0,728.6934812281102,-0.5,0.0,2.0,-7.0,-32.61267620037563
Hermit Thrush,2014,6.0,7.991495095276901,24.0,114.0,696.0808050277345,0.5,0.0,0.0,1.0,130.57125964865213
Dark-eyed junco,1986,0.0,7.47216054059834,20.0,92.0,541.1675599992918,0.0,0.0,-2.0,-6.0,-52.000148766845086
Dark-eyed junco,1987,0.0,7.47216054059834,18.0,86.0,489.16741123244674,2.0,0.0,6.0,28.0,149.5887045652214
Dark-eyed junco,1988,2.0,7.47216054059834,24.0,114.0,638.7561157976681,-2.0,0.0,-3.0,-12.0,-51.561296284493665
Dark-eyed junco,1989,0.0,7.47216054059834,21.0,102.0,587.1948195131745,2.0,0.0,5.0,32.0,169.76647504189418
Dark-eyed junco,1990,2.0,7.47216054059834,26.0,134.0,756.9612945550687,-2.0,0.0,-1.0,-13.0,-94.83080373801465
Dark-eyed junco,1991,0.0,7.47216054059834,25.0,121.0,662.130490817054,0.0,0.0,0.0,9.0,98.21206532250051
Dark-eyed junco,1992,0.0,7.47216054059834,25.0,130.0,760.3425561395545,0.0,0.0,-4.0,-35.0,-245.2662580152604
Dark-eyed junco,1993,0.0,7.47216054059834,21.0,95.0,515.0762981242941,2.0,0.0,0.0,-10.0,-16.42080807526878
Dark-eyed junco,1994,2.0,7.47216054059834,21.0,85.0,498.65549004902533,-2.0,0.0,-2.0,-11.0,54.74896776042334
Dark-eyed junco,1995,0.0,7.47216054059834,19.0,74.0,553.4044578094487,0.0,0.0,2.0,19.0,48.729717722541864
Dark-eyed junco,1996,0.0,7.47216054059834,21.0,93.0,602.1341755319905,0.0,0.0,-2.0,-6.0,-81.22435643851725
Dark-eyed junco,1997,0.0,7.47216054059834,19.0,87.0,520.9098190934733,0.0,0.0,-1.0,-14.0,-129.70067374599694
Dark-eyed junco,1998,0.0,7.47216054059834,18.0,73.0,391.20914534747635,0.0,0.0,-2.0,12.0,85.06387382409855
Dark-eyed junco,1999,0.0,7.47216054059834,16.0,85.0,476.2730191715749,0.0,0.0,2.0,5.0,3.440010963380473
Dark-eyed junco,2000,0.0,7.47216054059834,18.0,90.0,479.7130301349554,0.0,0.0,3.0,3.0,44.599534938248894
Dark-eyed junco,2001,0.0,7.47216054059834,21.0,93.0,524.3125650732043,0.0,0.0,-1.0,-21.0,-137.68102418134663
Dark-eyed junco,2002,0.0,7.47216054059834,20.0,72.0,386.63154089185764,0.0,0.0,-1.0,18.0,156.1055548649574
Dark-eyed junco,2003,0.0,7.47216054059834,19.0,90.0,542.737095756815,0.0,0.0,3.0,-12.0,-43.556870489634775
Dark-eyed junco,2004,0.0,7.47216054059834,22.0,78.0,499.1802252671803,0.0,0.0,-3.0,18.0,114.20527531547168
Dark-eyed junco,2005,0.0,7.47216054059834,19.0,96.0,613.385500582652,0.0,0.0,4.0,13.0,82.12066491397024
Dark-eyed junco,2006,0.0,7.47216054059834,23.0,109.0,695.5061654966222,0.0,0.0,1.0,-8.0,-6.858380652262554
Dark-eyed junco,2007,0.0,7.47216054059834,24.0,101.0,688.6477848443596,0.0,0.0,-2.0,-8.0,-91.34507924893
Dark-eyed junco,2008,0.0,7.47216054059834,22.0,93.0,597.3027055954296,0.0,0.0,-3.0,14.0,57.366118190624775
Dark-eyed junco,2009,0.0,7.47216054059834,19.0,107.0,654.6688237860544,0.0,0.0,4.0,2.0,27.50681673157078
Dark-eyed junco,2010,0.0,7.47216054059834,23.0,109.0,682.1756405176252,0.0,0.0,0.0,-12.0,-68.83183687628036
Dark-eyed junco,2011,0.0,7.47216054059834,23.0,97.0,613.3438036413448,0.0,0.0,-2.0,9.0,65.51972751767255
Dark-eyed junco,2012,0.0,7.47216054059834,21.0,106.0,678.8635311590174,0.0,0.0,1.0,15.0,49.829950069092774
Dark-eyed junco,2013,0.0,7.47216054059834,22.0,121.0,728.6934812281102,0.0,0.0,2.0,-7.0,-32.61267620037563
Dark-eyed junco,2014,0.0,7.47216054059834,24.0,114.0,696.0808050277345,0.0,0.0,0.0,1.0,130.57125964865213
Ovenbird,1986,16.0,6.828203849399435,20.0,92.0,541.1675599992918,-0.5,0.0,-2.0,-6.0,-52.000148766845086
Ovenbird,1987,15.5,6.828203849399435,18.0,86.0,489.16741123244674,6.0,0.0,6.0,28.0,149.5887045652214
Ovenbird,1988,21.5,6.828203849399435,24.0,114.0,638.7561157976681,-5.5,0.0,-3.0,-12.0,-51.561296284493665
Ovenbird,1989,16.0,6.828203849399435,21.0,102.0,587.1948195131745,4.0,0.0,5.0,32.0,169.76647504189418
Ovenbird,1990,20.0,6.828203849399435,26.0,134.0,756.9612945550687,-2.5,0.0,-1.0,-13.0,-94.83080373801465
Ovenbird,1991,17.5,6.828203849399435,25.0,121.0,662.130490817054,-2.0,0.0,0.0,9.0,98.21206532250051
Ovenbird,1992,15.5,6.828203849399435,25.0,130.0,760.3425561395545,-2.0,0.0,-4.0,-35.0,-245.2662580152604
Ovenbird,1993,13.5,6.828203849399435,21.0,95.0,515.0762981242941,-4.5,0.0,0.0,-10.0,-16.42080807526878
Ovenbird,1994,9.0,6.828203849399435,21.0,85.0,498.65549004902533,2.0,0.0,-2.0,-11.0,54.74896776042334
Ovenbird,1995,11.0,6.828203849399435,19.0,74.0,553.4044578094487,1.0,0.0,2.0,19.0,48.729717722541864
Ovenbird,1996,12.0,6.828203849399435,21.0,93.0,602.1341755319905,-1.5,0.0,-2.0,-6.0,-81.22435643851725
Ovenbird,1997,10.5,6.828203849399435,19.0,87.0,520.9098190934733,-1.5,0.0,-1.0,-14.0,-129.70067374599694
Ovenbird,1998,9.0,6.828203849399435,18.0,73.0,391.20914534747635,-5.0,0.0,-2.0,12.0,85.06387382409855
Ovenbird,1999,4.0,6.828203849399435,16.0,85.0,476.2730191715749,3.5,0.0,2.0,5.0,3.440010963380473
Ovenbird,2000,7.5,6.828203849399435,18.0,90.0,479.7130301349554,-0.5,0.0,3.0,3.0,44.599534938248894
Ovenbird,2001,7.0,6.828203849399435,21.0,93.0,524.3125650732043,0.5,0.0,-1.0,-21.0,-137.68102418134663
Ovenbird,2002,7.5,6.828203849399435,20.0,72.0,386.63154089185764,0.5,0.0,-1.0,18.0,156.1055548649574
Ovenbird,2003,8.0,6.828203849399435,19.0,90.0,542.737095756815,0.0,0.0,3.0,-12.0,-43.556870489634775
Ovenbird,2004,8.0,6.828203849399435,22.0,78.0,499.1802252671803,7.5,0.0,-3.0,18.0,114.20527531547168
Ovenbird,2005,15.5,6.828203849399435,19.0,96.0,613.385500582652,-0.5,0.0,4.0,13.0,82.12066491397024
Ovenbird,2006,15.0,6.828203849399435,23.0,109.0,695.5061654966222,5.0,0.0,1.0,-8.0,-6.858380652262554
Ovenbird,2007,20.0,6.828203849399435,24.0,101.0,688.6477848443596,1.0,0.0,-2.0,-8.0,-91.34507924893
Ovenbird,2008,21.0,6.828203849399435,22.0,93.0,597.3027055954296,0.5,0.0,-3.0,14.0,57.366118190624775
Ovenbird,2009,21.5,6.828203849399435,19.0,107.0,654.6688237860544,-4.5,0.0,4.0,2.0,27.50681673157078
Ovenbird,2010,17.0,6.828203849399435,23.0,109.0,682.1756405176252,1.0,0.0,0.0,-12.0,-68.83183687628036
Ovenbird,2011,18.0,6.828203849399435,23.0,97.0,613.3438036413448,-5.5,0.0,-2.0,9.0,65.51972751767255
Ovenbird,2012,12.5,6.828203849399435,21.0,106.0,678.8635311590174,-0.5,0.0,1.0,15.0,49.829950069092774
Ovenbird,2013,12.0,6.828203849399435,22.0,121.0,728.6934812281102,0.5,0.0,2.0,-7.0,-32.61267620037563
Ovenbird,2014,12.5,6.828203849399435,24.0,114.0,696.0808050277345,0.0,0.0,0.0,1.0,130.57125964865213
Setophaga caerulescens,1986,10.5,3.7774056869847423,20.0,92.0,541.1675599992918,1.0,0.0,-2.0,-6.0,-52.000148766845086
Setophaga caerulescens,1987,11.5,3.7774056869847423,18.0,86.0,489.16741123244674,-2.5,0.0,6.0,28.0,149.5887045652214
Setophaga caerulescens,1988,9.0,3.7774056869847423,24.0,114.0,638.7561157976681,6.0,0.0,-3.0,-12.0,-51.561296284493665
Setophaga caerulescens,1989,15.0,3.7774056869847423,21.0,102.0,587.1948195131745,1.0,0.0,5.0,32.0,169.76647504189418
Setophaga caerulescens,1990,16.0,3.7774056869847423,26.0,134.0,756.9612945550687,-2.5,0.0,-1.0,-13.0,-94.83080373801465
Setophaga caerulescens,1991,13.5,3.7774056869847423,25.0,121.0,662.130490817054,1.5,0.0,0.0,9.0,98.21206532250051
Setophaga caerulescens,1992,15.0,3.7774056869847423,25.0,130.0,760.3425561395545,-4.0,0.0,-4.0,-35.0,-245.2662580152604
Setophaga caerulescens,1993,11.0,3.7774056869847423,21.0,95.0,515.0762981242941,-4.0,0.0,0.0,-10.0,-16.42080807526878
Setophaga caerulescens,1994,7.0,3.7774056869847423,21.0,85.0,498.65549004902533,3.0,0.0,-2.0,-11.0,54.74896776042334
Setophaga caerulescens,1995,10.0,3.7774056869847423,19.0,74.0,553.4044578094487,-4.5,0.0,2.0,19.0,48.729717722541864
Setophaga caerulescens,1996,5.5,3.7774056869847423,21.0,93.0,602.1341755319905,3.0,0.0,-2.0,-6.0,-81.22435643851725
Setophaga caerulescens,1997,8.5,3.7774056869847423,19.0,87.0,520.9098190934733,0.0,0.0,-1.0,-14.0,-129.70067374599694
Setophaga caerulescens,1998,8.5,3.7774056869847423,18.0,73.0,391.20914534747635,2.5,0.0,-2.0,12.0,85.06387382409855
Setophaga caerulescens,1999,11.0,3.7774056869847423,16.0,85.0,476.2730191715749,-0.5,0.0,2.0,5.0,3.440010963380473
Setophaga caerulescens,2000,10.5,3.7774056869847423,18.0,90.0,479.7130301349554,-1.5,0.0,3.0,3.0,44.599534938248894
Setophaga caerulescens,2001,9.0,3.7774056869847423,21.0,93.0,524.3125650732043,0.0,0.0,-1.0,-21.0,-137.68102418134663
Setophaga caerulescens,2002,9.0,3.7774056869847423,20.0,72.0,386.63154089185764,-1.5,0.0,-1.0,18.0,156.1055548649574
Setophaga caerulescens,2003,7.5,3.7774056869847423,19.0,90.0,542.737095756815,-1.5,0.0,3.0,-12.0,-43.556870489634775
Setophaga caerulescens,2004,6.0,3.7774056869847423,22.0,78.0,499.1802252671803,2.0,0.0,-3.0,18.0,114.20527531547168
Setophaga caerulescens,2005,8.0,3.7774056869847423,19.0,96.0,613.385500582652,2.0,0.0,4.0,13.0,82.12066491397024
Setophaga caerulescens,2006,10.0,3.7774056869847423,23.0,109.0,695.5061654966222,0.5,0.0,1.0,-8.0,-6.858380652262554
Setophaga caerulescens,2007,10.5,3.7774056869847423,24.0,101.0,688.6477848443596,-5.5,0.0,-2.0,-8.0,-91.34507924893
Setophaga caerulescens,2008,5.0,3.7774056869847423,22.0,93.0,597.3027055954296,1.5,0.0,-3.0,14.0,57.366118190624775
Setophaga caerulescens,2009,6.5,3.7774056869847423,19.0,107.0,654.6688237860544,1.0,0.0,4.0,2.0,27.50681673157078
Setophaga caerulescens,2010,7.5,3.7774056869847423,23.0,109.0,682.1756405176252,-2.5,0.0,0.0,-12.0,-68.83183687628036
Setophaga caerulescens,2011,5.0,3.7774056869847423,23.0,97.0,613.3438036413448,5.0,0.0,-2.0,9.0,65.51972751767255
Setophaga caerulescens,2012,10.0,3.7774056869847423,21.0,106.0,678.8635311590174,-2.0,0.0,1.0,15.0,49.829950069092774
Setophaga caerulescens,2013,8.0,3.7774056869847423,22.0,121.0,728.6934812281102,2.0,0.0,2.0,-7.0,-32.61267620037563
Setophaga caerulescens,2014,10.0,3.7774056869847423,24.0,114.0,696.0808050277345,-4.5,0.0,0.0,1.0,130.57125964865213
Setophaga virens,1986,8.5,3.5214367821922083,20.0,92.0,541.1675599992918,3.5,0.0,-2.0,-6.0,-52.000148766845086
Setophaga virens,1987,12.0,3.5214367821922083,18.0,86.0,489.16741123244674,5.0,0.0,6.0,28.0,149.5887045652214
Setophaga virens,1988,17.0,3.5214367821922083,24.0,114.0,638.7561157976681,-1.5,0.0,-3.0,-12.0,-51.561296284493665
Setophaga virens,1989,15.5,3.5214367821922083,21.0,102.0,587.1948195131745,2.0,0.0,5.0,32.0,169.76647504189418
Setophaga virens,1990,17.5,3.5214367821922083,26.0,134.0,756.9612945550687,-4.0,0.0,-1.0,-13.0,-94.83080373801465
Setophaga virens,1991,13.5,3.5214367821922083,25.0,121.0,662.130490817054,4.5,0.0,0.0,9.0,98.21206532250051
Setophaga virens,1992,18.0,3.5214367821922083,25.0,130.0,760.3425561395545,-0.5,0.0,-4.0,-35.0,-245.2662580152604
Setophaga virens,1993,17.5,3.5214367821922083,21.0,95.0,515.0762981242941,-4.0,0.0,0.0,-10.0,-16.42080807526878
Setophaga virens,1994,13.5,3.5214367821922083,21.0,85.0,498.65549004902533,0.5,0.0,-2.0,-11.0,54.74896776042334
Setophaga virens,1995,14.0,3.5214367821922083,19.0,74.0,553.4044578094487,2.0,0.0,2.0,19.0,48.729717722541864
Setophaga virens,1996,16.0,3.5214367821922083,21.0,93.0,602.1341755319905,-7.5,0.0,-2.0,-6.0,-81.22435643851725
Setophaga virens,1997,8.5,3.5214367821922083,19.0,87.0,520.9098190934733,2.5,0.0,-1.0,-14.0,-129.70067374599694
Setophaga virens,1998,11.0,3.5214367821922083,18.0,73.0,391.20914534747635,1.5,0.0,-2.0,12.0,85.06387382409855
Setophaga virens,1999,12.5,3.5214367821922083,16.0,85.0,476.2730191715749,3.0,0.0,2.0,5.0,3.440010963380473
Setophaga virens,2000,15.5,3.5214367821922083,18.0,90.0,479.7130301349554,-2.0,0.0,3.0,3.0,44.599534938248894
Setophaga virens,2001,13.5,3.5214367821922083,21.0,93.0,524.3125650732043,2.5,0.0,-1.0,-21.0,-137.68102418134663
Setophaga virens,2002,16.0,3.5214367821922083,20.0,72.0,386.63154089185764,-3.0,0.0,-1.0,18.0,156.1055548649574
Setophaga virens,2003,13.0,3.5214367821922083,19.0,90.0,542.737095756815,0.5,0.0,3.0,-12.0,-43.556870489634775
Setophaga virens,2004,13.5,3.5214367821922083,22.0,78.0,499.1802252671803,-0.5,0.0,-3.0,18.0,114.20527531547168
Setophaga virens,2005,13.0,3.5214367821922083,19.0,96.0,613.385500582652,4.5,0.0,4.0,13.0,82.12066491397024
Setophaga virens,2006,17.5,3.5214367821922083,23.0,109.0,695.5061654966222,-1.5,0.0,1.0,-8.0,-6.858380652262554
Setophaga virens,2007,16.0,3.5214367821922083,24.0,101.0,688.6477848443596,-0.5,0.0,-2.0,-8.0,-91.34507924893
Setophaga virens,2008,15.5,3.5214367821922083,22.0,93.0,597.3027055954296,9.0,0.0,-3.0,14.0,57.366118190624775
Setophaga virens,2009,24.5,3.5214367821922083,19.0,107.0,654.6688237860544,-4.0,0.0,4.0,2.0,27.50681673157078
Setophaga virens,2010,20.5,3.5214367821922083,23.0,109.0,682.1756405176252,-2.0,0.0,0.0,-12.0,-68.83183687628036
Setophaga virens,2011,18.5,3.5214367821922083,23.0,97.0,613.3438036413448,-2.0,0.0,-2.0,9.0,65.51972751767255
Setophaga virens,2012,16.5,3.5214367821922083,21.0,106.0,678.8635311590174,1.0,0.0,1.0,15.0,49.829950069092774
Setophaga virens,2013,17.5,3.5214367821922083,22.0,121.0,728.6934812281102,1.0,0.0,2.0,-7.0,-32.61267620037563
Setophaga virens,2014,18.5,3.5214367821922083,24.0,114.0,696.0808050277345,-1.5,0.0,0.0,1.0,130.57125964865213
Red-eyed vireo,1986,22.0,5.6933119131012795,20.0,92.0,541.1675599992918,-2.5,0.0,-2.0,-6.0,-52.000148766845086
Red-eyed vireo,1987,19.5,5.6933119131012795,18.0,86.0,489.16741123244674,2.5,0.0,6.0,28.0,149.5887045652214
Red-eyed vireo,1988,22.0,5.6933119131012795,24.0,114.0,638.7561157976681,0.5,0.0,-3.0,-12.0,-51.561296284493665
Red-eyed vireo,1989,22.5,5.6933119131012795,21.0,102.0,587.1948195131745,1.5,0.0,5.0,32.0,169.76647504189418
Red-eyed vireo,1990,24.0,5.6933119131012795,26.0,134.0,756.9612945550687,1.5,0.0,-1.0,-13.0,-94.83080373801465
Red-eyed vireo,1991,25.5,5.6933119131012795,25.0,121.0,662.130490817054,-10.5,0.0,0.0,9.0,98.21206532250051
Red-eyed vireo,1992,15.0,5.6933119131012795,25.0,130.0,760.3425561395545,1.5,0.0,-4.0,-35.0,-245.2662580152604
Red-eyed vireo,1993,16.5,5.6933119131012795,21.0,95.0,515.0762981242941,2.0,0.0,0.0,-10.0,-16.42080807526878
Red-eyed vireo,1994,18.5,5.6933119131012795,21.0,85.0,498.65549004902533,-0.5,0.0,-2.0,-11.0,54.74896776042334
Red-eyed vireo,1995,18.0,5.6933119131012795,19.0,74.0,553.4044578094487,1.0,0.0,2.0,19.0,48.729717722541864
Red-eyed vireo,1996,19.0,5.6933119131012795,21.0,93.0,602.1341755319905,3.0,0.0,-2.0,-6.0,-81.22435643851725
Red-eyed vireo,1997,22.0,5.6933119131012795,19.0,87.0,520.9098190934733,-5.0,0.0,-1.0,-14.0,-129.70067374599694
Red-eyed vireo,1998,17.0,5.6933119131012795,18.0,73.0,391.20914534747635,6.5,0.0,-2.0,12.0,85.06387382409855
Red-eyed vireo,1999,23.5,5.6933119131012795,16.0,85.0,476.2730191715749,4.5,0.0,2.0,5.0,3.440010963380473
Red-eyed vireo,2000,28.0,5.6933119131012795,18.0,90.0,479.7130301349554,1.0,0.0,3.0,3.0,44.599534938248894
Red-eyed vireo,2001,29.0,5.6933119131012795,21.0,93.0,524.3125650732043,-10.0,0.0,-1.0,-21.0,-137.68102418134663
Red-eyed vireo,2002,19.0,5.6933119131012795,20.0,72.0,386.63154089185764,2.0,0.0,-1.0,18.0,156.1055548649574
Red-eyed vireo,2003,21.0,5.6933119131012795,19.0,90.0,542.737095756815,0.0,0.0,3.0,-12.0,-43.556870489634775
Red-eyed vireo,2004,21.0,5.6933119131012795,22.0,78.0,499.1802252671803,3.5,0.0,-3.0,18.0,114.20527531547168
Red-eyed vireo,2005,24.5,5.6933119131012795,19.0,96.0,613.385500582652,-2.5,0.0,4.0,13.0,82.12066491397024
Red-eyed vireo,2006,22.0,5.6933119131012795,23.0,109.0,695.5061654966222,-3.0,0.0,1.0,-8.0,-6.858380652262554
Red-eyed vireo,2007,19.0,5.6933119131012795,24.0,101.0,688.6477848443596,0.5,0.0,-2.0,-8.0,-91.34507924893
Red-eyed vireo,2008,19.5,5.6933119131012795,22.0,93.0,597.3027055954296,7.5,0.0,-3.0,14.0,57.366118190624775
Red-eyed vireo,2009,27.0,5.6933119131012795,19.0,107.0,654.6688237860544,-3.5,0.0,4.0,2.0,27.50681673157078
Red-eyed vireo,2010,23.5,5.6933119131012795,23.0,109.0,682.1756405176252,-1.5,0.0,0.0,-12.0,-68.83183687628036
Red-eyed vireo,2011,22.0,5.6933119131012795,23.0,97.0,613.3438036413448,2.0,0.0,-2.0,9.0,65.51972751767255
Red-eyed vireo,2012,24.0,5.6933119131012795,21.0,106.0,678.8635311590174,4.0,0.0,1.0,15.0,49.829950069092774
Red-eyed vireo,2013,28.0,5.6933119131012795,22.0,121.0,728.6934812281102,3.0,0.0,2.0,-7.0,-32.61267620037563
Red-eyed vireo,2014,31.0,5.6933119131012795,24.0,114.0,696.0808050277345,-1.0,0.0,0.0,1.0,130.57125964865213
